court,jurisdiction,name,year,published,unpublished
ala,S,Supreme Court of Alabama,1990,628,0
ala,S,Supreme Court of Alabama,1991,785,0
ala,S,Supreme Court of Alabama,1992,719,0
ala,S,Supreme Court of Alabama,1993,647,0
ala,S,Supreme Court of Alabama,1994,416,0
ala,S,Supreme Court of Alabama,1995,461,0
ala,S,Supreme Court of Alabama,1996,345,0
ala,S,Supreme Court of Alabama,1997,309,0
ala,S,Supreme Court of Alabama,1998,334,0
ala,S,Supreme Court of Alabama,1999,336,0
ala,S,Supreme Court of Alabama,2000,553,0
ala,S,Supreme Court of Alabama,2001,424,0
ala,S,Supreme Court of Alabama,2002,355,0
ala,S,Supreme Court of Alabama,2003,380,0
ala,S,Supreme Court of Alabama,2004,314,0
ala,S,Supreme Court of Alabama,2005,241,0
ala,S,Supreme Court of Alabama,2006,676,0
ala,S,Supreme Court of Alabama,2007,535,0
ala,S,Supreme Court of Alabama,2008,678,0
ala,S,Supreme Court of Alabama,2009,579,0
ala,S,Supreme Court of Alabama,2010,364,0
ala,S,Supreme Court of Alabama,2011,192,0
ala,S,Supreme Court of Alabama,2012,138,0
ala,S,Supreme Court of Alabama,2013,170,0
ala,S,Supreme Court of Alabama,2014,330,0
ala,S,Supreme Court of Alabama,2015,713,0
ala,S,Supreme Court of Alabama,2016,715,0
ala,S,Supreme Court of Alabama,2017,915,0
ala,S,Supreme Court of Alabama,2018,172,0
ala,S,Supreme Court of Alabama,2022,4,0
ala,S,Supreme Court of Alabama,2023,106,0
ala,S,Supreme Court of Alabama,2024,578,0
ala,S,Supreme Court of Alabama,2025,610,0
alacivapp,SA,Court of Civil Appeals of Alabama,1990,422,0
alacivapp,SA,Court of Civil Appeals of Alabama,1991,517,0
alacivapp,SA,Court of Civil Appeals of Alabama,1992,547,0
alacivapp,SA,Court of Civil Appeals of Alabama,1993,508,0
alacivapp,SA,Court of Civil Appeals of Alabama,1994,462,0
alacivapp,SA,Court of Civil Appeals of Alabama,1995,470,0
alacivapp,SA,Court of Civil Appeals of Alabama,1996,501,0
alacivapp,SA,Court of Civil Appeals of Alabama,1997,497,0
alacivapp,SA,Court of Civil Appeals of Alabama,1998,392,0
alacivapp,SA,Court of Civil Appeals of Alabama,1999,407,0
alacivapp,SA,Court of Civil Appeals of Alabama,2000,367,0
alacivapp,SA,Court of Civil Appeals of Alabama,2001,346,0
alacivapp,SA,Court of Civil Appeals of Alabama,2002,355,0
alacivapp,SA,Court of Civil Appeals of Alabama,2003,355,0
alacivapp,SA,Court of Civil Appeals of Alabama,2004,275,0
alacivapp,SA,Court of Civil Appeals of Alabama,2005,640,0
alacivapp,SA,Court of Civil Appeals of Alabama,2006,665,0
alacivapp,SA,Court of Civil Appeals of Alabama,2007,937,0
alacivapp,SA,Court of Civil Appeals of Alabama,2008,973,0
alacivapp,SA,Court of Civil Appeals of Alabama,2009,692,0
alacivapp,SA,Court of Civil Appeals of Alabama,2010,650,0
alacivapp,SA,Court of Civil Appeals of Alabama,2011,331,0
alacivapp,SA,Court of Civil Appeals of Alabama,2012,290,0
alacivapp,SA,Court of Civil Appeals of Alabama,2013,236,0
alacivapp,SA,Court of Civil Appeals of Alabama,2014,229,0
alacivapp,SA,Court of Civil Appeals of Alabama,2015,1143,0
alacivapp,SA,Court of Civil Appeals of Alabama,2016,1069,0
alacivapp,SA,Court of Civil Appeals of Alabama,2017,1357,0
alacivapp,SA,Court of Civil Appeals of Alabama,2018,534,0
alacivapp,SA,Court of Civil Appeals of Alabama,2022,9,0
alacivapp,SA,Court of Civil Appeals of Alabama,2023,75,0
alacivapp,SA,Court of Civil Appeals of Alabama,2024,257,0
alacivapp,SA,Court of Civil Appeals of Alabama,2025,295,0
alacrimapp,SA,Court of Criminal Appeals of Alabama,1990,531,0
alacrimapp,SA,Court of Criminal Appeals of Alabama,1991,624,0
alacrimapp,SA,Court of Criminal Appeals of Alabama,1992,590,0
alacrimapp,SA,Court of Criminal Appeals of Alabama,1993,567,0
alacrimapp,SA,Court of Criminal Appeals of Alabama,1994,480,0
alacrimapp,SA,Court of Criminal Appeals of Alabama,1995,410,0
alacrimapp,SA,Court of Criminal Appeals of Alabama,1996,325,0
alacrimapp,SA,Court of Criminal Appeals of Alabama,1997,272,0
alacrimapp,SA,Court of Criminal Appeals of Alabama,1998,229,0
alacrimapp,SA,Court of Criminal Appeals of Alabama,1999,216,0
alacrimapp,SA,Court of Criminal Appeals of Alabama,2000,251,0
alacrimapp,SA,Court of Criminal Appeals of Alabama,2001,293,0
alacrimapp,SA,Court of Criminal Appeals of Alabama,2002,223,0
alacrimapp,SA,Court of Criminal Appeals of Alabama,2003,271,0
alacrimapp,SA,Court of Criminal Appeals of Alabama,2004,210,0
alacrimapp,SA,Court of Criminal Appeals of Alabama,2005,483,0
alacrimapp,SA,Court of Criminal Appeals of Alabama,2006,842,0
alacrimapp,SA,Court of Criminal Appeals of Alabama,2007,1398,0
alacrimapp,SA,Court of Criminal Appeals of Alabama,2008,1768,0
alacrimapp,SA,Court of Criminal Appeals of Alabama,2009,702,0
alacrimapp,SA,Court of Criminal Appeals of Alabama,2010,403,0
alacrimapp,SA,Court of Criminal Appeals of Alabama,2011,114,0
alacrimapp,SA,Court of Criminal Appeals of Alabama,2012,88,0
alacrimapp,SA,Court of Criminal Appeals of Alabama,2013,90,0
alacrimapp,SA,Court of Criminal Appeals of Alabama,2014,88,0
alacrimapp,SA,Court of Criminal Appeals of Alabama,2015,1630,0
alacrimapp,SA,Court of Criminal Appeals of Alabama,2016,1564,0
alacrimapp,SA,Court of Criminal Appeals of Alabama,2017,1928,0
alacrimapp,SA,Court of Criminal Appeals of Alabama,2018,758,0
alacrimapp,SA,Court of Criminal Appeals of Alabama,2022,13,0
alacrimapp,SA,Court of Criminal Appeals of Alabama,2023,70,0
alacrimapp,SA,Court of Criminal Appeals of Alabama,2024,262,0
alacrimapp,SA,Court of Criminal Appeals of Alabama,2025,331,0
alactapp,SA,Alabama Court of Appeals,1995,3,0
alactapp,SA,Alabama Court of Appeals,1999,2,0
alaska,S,Alaska Supreme Court,1990,121,0
alaska,S,Alaska Supreme Court,1991,142,0
alaska,S,Alaska Supreme Court,1992,127,0
alaska,S,Alaska Supreme Court,1993,136,0
alaska,S,Alaska Supreme Court,1994,119,0
alaska,S,Alaska Supreme Court,1995,145,0
alaska,S,Alaska Supreme Court,1996,160,0
alaska,S,Alaska Supreme Court,1997,171,0
alaska,S,Alaska Supreme Court,1998,136,0
alaska,S,Alaska Supreme Court,1999,173,1
alaska,S,Alaska Supreme Court,2000,128,1
alaska,S,Alaska Supreme Court,2001,177,1
alaska,S,Alaska Supreme Court,2002,142,0
alaska,S,Alaska Supreme Court,2003,117,0
alaska,S,Alaska Supreme Court,2004,96,0
alaska,S,Alaska Supreme Court,2005,119,0
alaska,S,Alaska Supreme Court,2006,119,0
alaska,S,Alaska Supreme Court,2007,129,0
alaska,S,Alaska Supreme Court,2008,122,0
alaska,S,Alaska Supreme Court,2009,127,0
alaska,S,Alaska Supreme Court,2010,92,1
alaska,S,Alaska Supreme Court,2011,106,4
alaska,S,Alaska Supreme Court,2012,114,42
alaska,S,Alaska Supreme Court,2013,138,24
alaska,S,Alaska Supreme Court,2014,134,55
alaska,S,Alaska Supreme Court,2015,102,37
alaska,S,Alaska Supreme Court,2016,85,41
alaska,S,Alaska Supreme Court,2017,83,52
alaska,S,Alaska Supreme Court,2018,124,47
alaska,S,Alaska Supreme Court,2019,109,44
alaska,S,Alaska Supreme Court,2020,74,55
alaska,S,Alaska Supreme Court,2021,79,59
alaska,S,Alaska Supreme Court,2022,65,71
alaska,S,Alaska Supreme Court,2023,46,59
alaska,S,Alaska Supreme Court,2024,62,62
alaska,S,Alaska Supreme Court,2025,68,61
alaskactapp,SA,Court of Appeals of Alaska,1990,100,1
alaskactapp,SA,Court of Appeals of Alaska,1991,93,0
alaskactapp,SA,Court of Appeals of Alaska,1992,83,0
alaskactapp,SA,Court of Appeals of Alaska,1993,57,0
alaskactapp,SA,Court of Appeals of Alaska,1994,61,0
alaskactapp,SA,Court of Appeals of Alaska,1995,66,0
alaskactapp,SA,Court of Appeals of Alaska,1996,59,0
alaskactapp,SA,Court of Appeals of Alaska,1997,52,0
alaskactapp,SA,Court of Appeals of Alaska,1998,48,0
alaskactapp,SA,Court of Appeals of Alaska,1999,41,0
alaskactapp,SA,Court of Appeals of Alaska,2000,51,0
alaskactapp,SA,Court of Appeals of Alaska,2001,68,0
alaskactapp,SA,Court of Appeals of Alaska,2002,70,0
alaskactapp,SA,Court of Appeals of Alaska,2003,65,0
alaskactapp,SA,Court of Appeals of Alaska,2004,54,0
alaskactapp,SA,Court of Appeals of Alaska,2005,57,0
alaskactapp,SA,Court of Appeals of Alaska,2006,61,0
alaskactapp,SA,Court of Appeals of Alaska,2007,58,0
alaskactapp,SA,Court of Appeals of Alaska,2008,66,0
alaskactapp,SA,Court of Appeals of Alaska,2009,46,0
alaskactapp,SA,Court of Appeals of Alaska,2010,44,0
alaskactapp,SA,Court of Appeals of Alaska,2011,49,1
alaskactapp,SA,Court of Appeals of Alaska,2012,45,0
alaskactapp,SA,Court of Appeals of Alaska,2013,26,0
alaskactapp,SA,Court of Appeals of Alaska,2014,31,0
alaskactapp,SA,Court of Appeals of Alaska,2015,49,0
alaskactapp,SA,Court of Appeals of Alaska,2016,54,0
alaskactapp,SA,Court of Appeals of Alaska,2017,51,0
alaskactapp,SA,Court of Appeals of Alaska,2018,59,0
alaskactapp,SA,Court of Appeals of Alaska,2019,40,0
alaskactapp,SA,Court of Appeals of Alaska,2020,23,0
alaskactapp,SA,Court of Appeals of Alaska,2021,29,0
alaskactapp,SA,Court of Appeals of Alaska,2022,23,0
alaskactapp,SA,Court of Appeals of Alaska,2023,34,0
alaskactapp,SA,Court of Appeals of Alaska,2024,25,0
alaskactapp,SA,Court of Appeals of Alaska,2025,30,0
ariz,S,Arizona Supreme Court,1990,121,0
ariz,S,Arizona Supreme Court,1991,106,0
ariz,S,Arizona Supreme Court,1992,88,0
ariz,S,Arizona Supreme Court,1993,106,0
ariz,S,Arizona Supreme Court,1994,127,0
ariz,S,Arizona Supreme Court,1995,81,0
ariz,S,Arizona Supreme Court,1996,74,0
ariz,S,Arizona Supreme Court,1997,81,0
ariz,S,Arizona Supreme Court,1998,51,0
ariz,S,Arizona Supreme Court,1999,49,0
ariz,S,Arizona Supreme Court,2000,49,0
ariz,S,Arizona Supreme Court,2001,42,0
ariz,S,Arizona Supreme Court,2002,58,8
ariz,S,Arizona Supreme Court,2003,89,2
ariz,S,Arizona Supreme Court,2004,47,3
ariz,S,Arizona Supreme Court,2005,52,1
ariz,S,Arizona Supreme Court,2006,48,0
ariz,S,Arizona Supreme Court,2007,50,0
ariz,S,Arizona Supreme Court,2008,47,1
ariz,S,Arizona Supreme Court,2009,46,0
ariz,S,Arizona Supreme Court,2010,50,1
ariz,S,Arizona Supreme Court,2011,45,0
ariz,S,Arizona Supreme Court,2012,43,0
ariz,S,Arizona Supreme Court,2013,41,0
ariz,S,Arizona Supreme Court,2014,50,1
ariz,S,Arizona Supreme Court,2015,43,0
ariz,S,Arizona Supreme Court,2016,51,0
ariz,S,Arizona Supreme Court,2017,56,0
ariz,S,Arizona Supreme Court,2018,53,0
ariz,S,Arizona Supreme Court,2019,31,0
ariz,S,Arizona Supreme Court,2020,47,9
ariz,S,Arizona Supreme Court,2021,41,6
ariz,S,Arizona Supreme Court,2022,49,8
ariz,S,Arizona Supreme Court,2023,35,1
ariz,S,Arizona Supreme Court,2024,34,6
ariz,S,Arizona Supreme Court,2025,40,1
arizctapp,SA,Court of Appeals of Arizona,1990,353,0
arizctapp,SA,Court of Appeals of Arizona,1991,306,0
arizctapp,SA,Court of Appeals of Arizona,1992,304,0
arizctapp,SA,Court of Appeals of Arizona,1993,271,0
arizctapp,SA,Court of Appeals of Arizona,1994,267,0
arizctapp,SA,Court of Appeals of Arizona,1995,276,0
arizctapp,SA,Court of Appeals of Arizona,1996,275,0
arizctapp,SA,Court of Appeals of Arizona,1997,227,0
arizctapp,SA,Court of Appeals of Arizona,1998,206,0
arizctapp,SA,Court of Appeals of Arizona,1999,190,0
arizctapp,SA,Court of Appeals of Arizona,2000,192,0
arizctapp,SA,Court of Appeals of Arizona,2001,176,0
arizctapp,SA,Court of Appeals of Arizona,2002,178,0
arizctapp,SA,Court of Appeals of Arizona,2003,199,0
arizctapp,SA,Court of Appeals of Arizona,2004,189,0
arizctapp,SA,Court of Appeals of Arizona,2005,173,0
arizctapp,SA,Court of Appeals of Arizona,2006,177,0
arizctapp,SA,Court of Appeals of Arizona,2007,277,0
arizctapp,SA,Court of Appeals of Arizona,2008,228,0
arizctapp,SA,Court of Appeals of Arizona,2009,290,0
arizctapp,SA,Court of Appeals of Arizona,2010,256,0
arizctapp,SA,Court of Appeals of Arizona,2011,239,0
arizctapp,SA,Court of Appeals of Arizona,2012,200,0
arizctapp,SA,Court of Appeals of Arizona,2013,179,0
arizctapp,SA,Court of Appeals of Arizona,2014,227,600
arizctapp,SA,Court of Appeals of Arizona,2015,163,780
arizctapp,SA,Court of Appeals of Arizona,2016,187,824
arizctapp,SA,Court of Appeals of Arizona,2017,120,883
arizctapp,SA,Court of Appeals of Arizona,2018,149,810
arizctapp,SA,Court of Appeals of Arizona,2019,93,759
arizctapp,SA,Court of Appeals of Arizona,2020,72,758
arizctapp,SA,Court of Appeals of Arizona,2021,62,755
arizctapp,SA,Court of Appeals of Arizona,2022,73,687
arizctapp,SA,Court of Appeals of Arizona,2023,115,644
arizctapp,SA,Court of Appeals of Arizona,2024,88,652
arizctapp,SA,Court of Appeals of Arizona,2025,91,556
ark,S,Supreme Court of Arkansas,1990,440,0
ark,S,Supreme Court of Arkansas,1991,405,0
ark,S,Supreme Court of Arkansas,1992,450,0
ark,S,Supreme Court of Arkansas,1993,424,0
ark,S,Supreme Court of Arkansas,1994,520,0
ark,S,Supreme Court of Arkansas,1995,449,0
ark,S,Supreme Court of Arkansas,1996,493,0
ark,S,Supreme Court of Arkansas,1997,481,0
ark,S,Supreme Court of Arkansas,1998,429,0
ark,S,Supreme Court of Arkansas,1999,363,0
ark,S,Supreme Court of Arkansas,2000,369,0
ark,S,Supreme Court of Arkansas,2001,342,0
ark,S,Supreme Court of Arkansas,2002,353,0
ark,S,Supreme Court of Arkansas,2003,322,0
ark,S,Supreme Court of Arkansas,2004,338,0
ark,S,Supreme Court of Arkansas,2005,344,0
ark,S,Supreme Court of Arkansas,2006,345,0
ark,S,Supreme Court of Arkansas,2007,350,0
ark,S,Supreme Court of Arkansas,2008,354,0
ark,S,Supreme Court of Arkansas,2009,239,0
ark,S,Supreme Court of Arkansas,2010,144,0
ark,S,Supreme Court of Arkansas,2011,137,0
ark,S,Supreme Court of Arkansas,2012,124,0
ark,S,Supreme Court of Arkansas,2013,259,0
ark,S,Supreme Court of Arkansas,2014,473,0
ark,S,Supreme Court of Arkansas,2015,385,0
ark,S,Supreme Court of Arkansas,2016,347,0
ark,S,Supreme Court of Arkansas,2017,283,0
ark,S,Supreme Court of Arkansas,2018,138,0
ark,S,Supreme Court of Arkansas,2019,204,0
ark,S,Supreme Court of Arkansas,2020,264,0
ark,S,Supreme Court of Arkansas,2021,176,0
ark,S,Supreme Court of Arkansas,2022,158,0
ark,S,Supreme Court of Arkansas,2023,147,0
ark,S,Supreme Court of Arkansas,2024,142,0
ark,S,Supreme Court of Arkansas,2025,169,0
arkctapp,SA,Court of Appeals of Arkansas,1990,154,0
arkctapp,SA,Court of Appeals of Arkansas,1991,155,0
arkctapp,SA,Court of Appeals of Arkansas,1992,132,0
arkctapp,SA,Court of Appeals of Arkansas,1993,140,0
arkctapp,SA,Court of Appeals of Arkansas,1994,136,0
arkctapp,SA,Court of Appeals of Arkansas,1995,134,0
arkctapp,SA,Court of Appeals of Arkansas,1996,212,0
arkctapp,SA,Court of Appeals of Arkansas,1997,171,0
arkctapp,SA,Court of Appeals of Arkansas,1998,209,0
arkctapp,SA,Court of Appeals of Arkansas,1999,193,0
arkctapp,SA,Court of Appeals of Arkansas,2000,230,0
arkctapp,SA,Court of Appeals of Arkansas,2001,250,0
arkctapp,SA,Court of Appeals of Arkansas,2002,203,0
arkctapp,SA,Court of Appeals of Arkansas,2003,254,0
arkctapp,SA,Court of Appeals of Arkansas,2004,231,0
arkctapp,SA,Court of Appeals of Arkansas,2005,239,0
arkctapp,SA,Court of Appeals of Arkansas,2006,221,0
arkctapp,SA,Court of Appeals of Arkansas,2007,217,0
arkctapp,SA,Court of Appeals of Arkansas,2008,199,0
arkctapp,SA,Court of Appeals of Arkansas,2009,252,0
arkctapp,SA,Court of Appeals of Arkansas,2010,274,0
arkctapp,SA,Court of Appeals of Arkansas,2011,238,0
arkctapp,SA,Court of Appeals of Arkansas,2012,193,0
arkctapp,SA,Court of Appeals of Arkansas,2013,476,0
arkctapp,SA,Court of Appeals of Arkansas,2014,664,0
arkctapp,SA,Court of Appeals of Arkansas,2015,677,0
arkctapp,SA,Court of Appeals of Arkansas,2016,584,0
arkctapp,SA,Court of Appeals of Arkansas,2017,656,0
arkctapp,SA,Court of Appeals of Arkansas,2018,419,0
arkctapp,SA,Court of Appeals of Arkansas,2019,494,0
arkctapp,SA,Court of Appeals of Arkansas,2020,538,0
arkctapp,SA,Court of Appeals of Arkansas,2021,465,0
arkctapp,SA,Court of Appeals of Arkansas,2022,394,0
arkctapp,SA,Court of Appeals of Arkansas,2023,383,0
arkctapp,SA,Court of Appeals of Arkansas,2024,460,0
arkctapp,SA,Court of Appeals of Arkansas,2025,562,0
cal,S,California Supreme Court,1990,121,1
cal,S,California Supreme Court,1991,108,0
cal,S,California Supreme Court,1992,112,0
cal,S,California Supreme Court,1993,101,0
cal,S,California Supreme Court,1994,96,0
cal,S,California Supreme Court,1995,108,0
cal,S,California Supreme Court,1996,75,0
cal,S,California Supreme Court,1997,96,0
cal,S,California Supreme Court,1998,93,0
cal,S,California Supreme Court,1999,115,0
cal,S,California Supreme Court,2000,122,0
cal,S,California Supreme Court,2001,132,0
cal,S,California Supreme Court,2002,144,0
cal,S,California Supreme Court,2003,137,0
cal,S,California Supreme Court,2004,172,0
cal,S,California Supreme Court,2005,134,0
cal,S,California Supreme Court,2006,142,0
cal,S,California Supreme Court,2007,186,0
cal,S,California Supreme Court,2008,139,0
cal,S,California Supreme Court,2009,110,0
cal,S,California Supreme Court,2010,117,0
cal,S,California Supreme Court,2011,90,0
cal,S,California Supreme Court,2012,113,0
cal,S,California Supreme Court,2013,131,0
cal,S,California Supreme Court,2014,89,0
cal,S,California Supreme Court,2015,85,0
cal,S,California Supreme Court,2016,273,0
cal,S,California Supreme Court,2017,242,0
cal,S,California Supreme Court,2018,235,0
cal,S,California Supreme Court,2019,145,0
cal,S,California Supreme Court,2020,82,0
cal,S,California Supreme Court,2021,64,0
cal,S,California Supreme Court,2022,57,0
cal,S,California Supreme Court,2023,55,0
cal,S,California Supreme Court,2024,61,0
cal,S,California Supreme Court,2025,53,0
calappdeptsuper,SA,Appellate Division of the Superior Court of California,1990,9,0
calappdeptsuper,SA,Appellate Division of the Superior Court of California,1991,14,0
calappdeptsuper,SA,Appellate Division of the Superior Court of California,1992,13,0
calappdeptsuper,SA,Appellate Division of the Superior Court of California,1993,14,0
calappdeptsuper,SA,Appellate Division of the Superior Court of California,1994,14,0
calappdeptsuper,SA,Appellate Division of the Superior Court of California,1995,13,0
calappdeptsuper,SA,Appellate Division of the Superior Court of California,1996,6,0
calappdeptsuper,SA,Appellate Division of the Superior Court of California,1997,5,0
calappdeptsuper,SA,Appellate Division of the Superior Court of California,1998,4,0
calappdeptsuper,SA,Appellate Division of the Superior Court of California,2000,4,0
calappdeptsuper,SA,Appellate Division of the Superior Court of California,2001,9,0
calappdeptsuper,SA,Appellate Division of the Superior Court of California,2002,10,0
calappdeptsuper,SA,Appellate Division of the Superior Court of California,2003,2,0
calappdeptsuper,SA,Appellate Division of the Superior Court of California,2004,5,0
calappdeptsuper,SA,Appellate Division of the Superior Court of California,2005,2,0
calappdeptsuper,SA,Appellate Division of the Superior Court of California,2006,4,0
calappdeptsuper,SA,Appellate Division of the Superior Court of California,2007,5,0
calappdeptsuper,SA,Appellate Division of the Superior Court of California,2008,4,0
calappdeptsuper,SA,Appellate Division of the Superior Court of California,2009,4,0
calappdeptsuper,SA,Appellate Division of the Superior Court of California,2010,5,0
calappdeptsuper,SA,Appellate Division of the Superior Court of California,2011,9,0
calappdeptsuper,SA,Appellate Division of the Superior Court of California,2012,7,0
calappdeptsuper,SA,Appellate Division of the Superior Court of California,2013,9,0
calappdeptsuper,SA,Appellate Division of the Superior Court of California,2014,12,0
calappdeptsuper,SA,Appellate Division of the Superior Court of California,2015,19,0
calappdeptsuper,SA,Appellate Division of the Superior Court of California,2016,12,0
calappdeptsuper,SA,Appellate Division of the Superior Court of California,2017,3,0
calctapp,SA,California Court of Appeal,1990,1037,0
calctapp,SA,California Court of Appeal,1991,1107,0
calctapp,SA,California Court of Appeal,1992,1072,0
calctapp,SA,California Court of Appeal,1993,961,0
calctapp,SA,California Court of Appeal,1994,982,0
calctapp,SA,California Court of Appeal,1995,956,0
calctapp,SA,California Court of Appeal,1996,956,0
calctapp,SA,California Court of Appeal,1997,880,0
calctapp,SA,California Court of Appeal,1998,939,0
calctapp,SA,California Court of Appeal,1999,865,0
calctapp,SA,California Court of Appeal,2000,923,0
calctapp,SA,California Court of Appeal,2001,935,0
calctapp,SA,California Court of Appeal,2002,1066,0
calctapp,SA,California Court of Appeal,2003,1027,0
calctapp,SA,California Court of Appeal,2004,947,0
calctapp,SA,California Court of Appeal,2005,916,0
calctapp,SA,California Court of Appeal,2006,971,0
calctapp,SA,California Court of Appeal,2007,1215,0
calctapp,SA,California Court of Appeal,2008,1173,0
calctapp,SA,California Court of Appeal,2009,1104,0
calctapp,SA,California Court of Appeal,2010,1012,0
calctapp,SA,California Court of Appeal,2011,867,0
calctapp,SA,California Court of Appeal,2012,755,0
calctapp,SA,California Court of Appeal,2013,931,6354
calctapp,SA,California Court of Appeal,2014,1105,7632
calctapp,SA,California Court of Appeal,2015,1109,6734
calctapp,SA,California Court of Appeal,2016,1068,5488
calctapp,SA,California Court of Appeal,2017,960,0
calctapp,SA,California Court of Appeal,2018,961,0
calctapp,SA,California Court of Appeal,2019,1038,1
calctapp,SA,California Court of Appeal,2020,1060,2750
calctapp,SA,California Court of Appeal,2021,970,6173
calctapp,SA,California Court of Appeal,2022,921,5914
calctapp,SA,California Court of Appeal,2023,891,5657
calctapp,SA,California Court of Appeal,2024,732,5584
calctapp,SA,California Court of Appeal,2025,749,6248
calctapp1d,SA,"California Court of Appeal, 1st District",2015,1,0
calctapp1d,SA,"California Court of Appeal, 1st District",2016,8,0
calctapp2d,SA,"California Court of Appeal, 2nd District",2015,4,0
calctapp2d,SA,"California Court of Appeal, 2nd District",2016,15,0
calctapp3d,SA,"California Court of Appeal, 3rd District",2015,2,0
calctapp3d,SA,"California Court of Appeal, 3rd District",2016,6,0
calctapp4d,SA,"California Court of Appeal, 4th District",2015,3,0
calctapp4d,SA,"California Court of Appeal, 4th District",2016,26,0
calctapp5d,SA,"California Court of Appeal, 5th District",2016,36,0
calctapp5d,SA,"California Court of Appeal, 5th District",2017,493,0
calctapp5d,SA,"California Court of Appeal, 5th District",2018,842,0
calctapp5d,SA,"California Court of Appeal, 5th District",2019,559,0
calctapp6d,SA,"California Court of Appeal, 6th District",2015,1,0
calctapp6d,SA,"California Court of Appeal, 6th District",2016,5,0
colo,S,Supreme Court of Colorado,1990,248,0
colo,S,Supreme Court of Colorado,1991,212,0
colo,S,Supreme Court of Colorado,1992,193,0
colo,S,Supreme Court of Colorado,1993,209,0
colo,S,Supreme Court of Colorado,1994,193,0
colo,S,Supreme Court of Colorado,1995,210,0
colo,S,Supreme Court of Colorado,1996,199,0
colo,S,Supreme Court of Colorado,1997,185,0
colo,S,Supreme Court of Colorado,1998,186,0
colo,S,Supreme Court of Colorado,1999,158,0
colo,S,Supreme Court of Colorado,2000,119,0
colo,S,Supreme Court of Colorado,2001,135,0
colo,S,Supreme Court of Colorado,2002,125,0
colo,S,Supreme Court of Colorado,2003,101,0
colo,S,Supreme Court of Colorado,2004,93,0
colo,S,Supreme Court of Colorado,2005,120,0
colo,S,Supreme Court of Colorado,2006,107,0
colo,S,Supreme Court of Colorado,2007,98,0
colo,S,Supreme Court of Colorado,2008,99,0
colo,S,Supreme Court of Colorado,2009,80,0
colo,S,Supreme Court of Colorado,2010,99,0
colo,S,Supreme Court of Colorado,2011,107,0
colo,S,Supreme Court of Colorado,2012,84,0
colo,S,Supreme Court of Colorado,2013,84,0
colo,S,Supreme Court of Colorado,2014,89,0
colo,S,Supreme Court of Colorado,2015,110,0
colo,S,Supreme Court of Colorado,2016,152,0
colo,S,Supreme Court of Colorado,2017,98,0
colo,S,Supreme Court of Colorado,2018,104,0
colo,S,Supreme Court of Colorado,2019,108,0
colo,S,Supreme Court of Colorado,2020,86,0
colo,S,Supreme Court of Colorado,2021,121,135
colo,S,Supreme Court of Colorado,2022,58,340
colo,S,Supreme Court of Colorado,2023,42,76
colo,S,Supreme Court of Colorado,2024,33,424
colo,S,Supreme Court of Colorado,2025,538,333
coloctapp,SA,Colorado Court of Appeals,1990,375,0
coloctapp,SA,Colorado Court of Appeals,1991,364,0
coloctapp,SA,Colorado Court of Appeals,1992,413,0
coloctapp,SA,Colorado Court of Appeals,1993,369,0
coloctapp,SA,Colorado Court of Appeals,1994,396,0
coloctapp,SA,Colorado Court of Appeals,1995,350,0
coloctapp,SA,Colorado Court of Appeals,1996,396,0
coloctapp,SA,Colorado Court of Appeals,1997,318,0
coloctapp,SA,Colorado Court of Appeals,1998,293,0
coloctapp,SA,Colorado Court of Appeals,1999,321,0
coloctapp,SA,Colorado Court of Appeals,2000,314,0
coloctapp,SA,Colorado Court of Appeals,2001,304,0
coloctapp,SA,Colorado Court of Appeals,2002,276,0
coloctapp,SA,Colorado Court of Appeals,2003,298,0
coloctapp,SA,Colorado Court of Appeals,2004,291,0
coloctapp,SA,Colorado Court of Appeals,2005,263,0
coloctapp,SA,Colorado Court of Appeals,2006,286,0
coloctapp,SA,Colorado Court of Appeals,2007,302,0
coloctapp,SA,Colorado Court of Appeals,2008,272,0
coloctapp,SA,Colorado Court of Appeals,2009,294,0
coloctapp,SA,Colorado Court of Appeals,2010,232,0
coloctapp,SA,Colorado Court of Appeals,2011,194,0
coloctapp,SA,Colorado Court of Appeals,2012,219,0
coloctapp,SA,Colorado Court of Appeals,2013,173,1
coloctapp,SA,Colorado Court of Appeals,2014,179,0
coloctapp,SA,Colorado Court of Appeals,2015,238,0
coloctapp,SA,Colorado Court of Appeals,2016,330,0
coloctapp,SA,Colorado Court of Appeals,2017,97,0
coloctapp,SA,Colorado Court of Appeals,2018,144,1
coloctapp,SA,Colorado Court of Appeals,2019,163,0
coloctapp,SA,Colorado Court of Appeals,2020,151,0
coloctapp,SA,Colorado Court of Appeals,2021,114,166
coloctapp,SA,Colorado Court of Appeals,2022,99,82
coloctapp,SA,Colorado Court of Appeals,2023,25,0
coloctapp,SA,Colorado Court of Appeals,2024,202,735
coloctapp,SA,Colorado Court of Appeals,2025,78,1278
conn,S,Supreme Court of Connecticut,1990,411,0
conn,S,Supreme Court of Connecticut,1991,415,0
conn,S,Supreme Court of Connecticut,1992,409,0
conn,S,Supreme Court of Connecticut,1993,428,0
conn,S,Supreme Court of Connecticut,1994,434,0
conn,S,Supreme Court of Connecticut,1995,429,0
conn,S,Supreme Court of Connecticut,1996,490,0
conn,S,Supreme Court of Connecticut,1997,495,0
conn,S,Supreme Court of Connecticut,1998,465,0
conn,S,Supreme Court of Connecticut,1999,427,0
conn,S,Supreme Court of Connecticut,2000,457,0
conn,S,Supreme Court of Connecticut,2001,491,0
conn,S,Supreme Court of Connecticut,2002,514,0
conn,S,Supreme Court of Connecticut,2003,500,0
conn,S,Supreme Court of Connecticut,2004,540,0
conn,S,Supreme Court of Connecticut,2005,589,0
conn,S,Supreme Court of Connecticut,2006,533,0
conn,S,Supreme Court of Connecticut,2007,606,0
conn,S,Supreme Court of Connecticut,2008,712,0
conn,S,Supreme Court of Connecticut,2009,576,0
conn,S,Supreme Court of Connecticut,2010,601,0
conn,S,Supreme Court of Connecticut,2011,466,0
conn,S,Supreme Court of Connecticut,2012,164,0
conn,S,Supreme Court of Connecticut,2014,179,0
conn,S,Supreme Court of Connecticut,2015,184,0
conn,S,Supreme Court of Connecticut,2016,349,0
conn,S,Supreme Court of Connecticut,2017,412,0
conn,S,Supreme Court of Connecticut,2018,351,0
conn,S,Supreme Court of Connecticut,2019,271,0
conn,S,Supreme Court of Connecticut,2020,110,0
conn,S,Supreme Court of Connecticut,2021,156,0
conn,S,Supreme Court of Connecticut,2022,155,0
conn,S,Supreme Court of Connecticut,2023,120,0
conn,S,Supreme Court of Connecticut,2024,135,0
conn,S,Supreme Court of Connecticut,2025,115,0
connappct,SA,Connecticut Appellate Court,1990,424,0
connappct,SA,Connecticut Appellate Court,1991,393,0
connappct,SA,Connecticut Appellate Court,1992,438,0
connappct,SA,Connecticut Appellate Court,1993,463,0
connappct,SA,Connecticut Appellate Court,1994,449,0
connappct,SA,Connecticut Appellate Court,1995,507,0
connappct,SA,Connecticut Appellate Court,1996,614,0
connappct,SA,Connecticut Appellate Court,1997,569,0
connappct,SA,Connecticut Appellate Court,1998,475,0
connappct,SA,Connecticut Appellate Court,1999,500,0
connappct,SA,Connecticut Appellate Court,2000,599,0
connappct,SA,Connecticut Appellate Court,2001,622,0
connappct,SA,Connecticut Appellate Court,2002,593,0
connappct,SA,Connecticut Appellate Court,2003,517,0
connappct,SA,Connecticut Appellate Court,2004,522,0
connappct,SA,Connecticut Appellate Court,2005,527,0
connappct,SA,Connecticut Appellate Court,2006,486,0
connappct,SA,Connecticut Appellate Court,2007,469,0
connappct,SA,Connecticut Appellate Court,2008,598,0
connappct,SA,Connecticut Appellate Court,2009,565,0
connappct,SA,Connecticut Appellate Court,2010,658,0
connappct,SA,Connecticut Appellate Court,2011,666,0
connappct,SA,Connecticut Appellate Court,2012,607,0
connappct,SA,Connecticut Appellate Court,2013,572,0
connappct,SA,Connecticut Appellate Court,2014,455,0
connappct,SA,Connecticut Appellate Court,2015,379,0
connappct,SA,Connecticut Appellate Court,2016,449,0
connappct,SA,Connecticut Appellate Court,2017,562,0
connappct,SA,Connecticut Appellate Court,2018,513,0
connappct,SA,Connecticut Appellate Court,2019,488,0
connappct,SA,Connecticut Appellate Court,2020,334,0
connappct,SA,Connecticut Appellate Court,2021,363,0
connappct,SA,Connecticut Appellate Court,2022,341,0
connappct,SA,Connecticut Appellate Court,2023,41,0
connappct,SA,Connecticut Appellate Court,2024,302,0
connappct,SA,Connecticut Appellate Court,2025,312,0
connsuperct,SA,Connecticut Superior Court,1990,25,1486
connsuperct,SA,Connecticut Superior Court,1991,29,3114
connsuperct,SA,Connecticut Superior Court,1992,28,3313
connsuperct,SA,Connecticut Superior Court,1993,28,3030
connsuperct,SA,Connecticut Superior Court,1994,38,3239
connsuperct,SA,Connecticut Superior Court,1995,28,3673
connsuperct,SA,Connecticut Superior Court,1996,30,3393
connsuperct,SA,Connecticut Superior Court,1997,31,3346
connsuperct,SA,Connecticut Superior Court,1998,34,3522
connsuperct,SA,Connecticut Superior Court,1999,37,3391
connsuperct,SA,Connecticut Superior Court,2000,29,3670
connsuperct,SA,Connecticut Superior Court,2001,21,3636
connsuperct,SA,Connecticut Superior Court,2002,27,3392
connsuperct,SA,Connecticut Superior Court,2003,40,948
connsuperct,SA,Connecticut Superior Court,2004,40,0
connsuperct,SA,Connecticut Superior Court,2005,29,0
connsuperct,SA,Connecticut Superior Court,2006,31,0
connsuperct,SA,Connecticut Superior Court,2007,35,0
connsuperct,SA,Connecticut Superior Court,2008,18,0
connsuperct,SA,Connecticut Superior Court,2009,15,0
connsuperct,SA,Connecticut Superior Court,2010,17,0
connsuperct,SA,Connecticut Superior Court,2011,18,0
connsuperct,SA,Connecticut Superior Court,2012,8,0
connsuperct,SA,Connecticut Superior Court,2013,7,0
connsuperct,SA,Connecticut Superior Court,2014,5,0
dc,S,District of Columbia Court of Appeals,1990,313,1
dc,S,District of Columbia Court of Appeals,1991,312,1
dc,S,District of Columbia Court of Appeals,1992,319,1
dc,S,District of Columbia Court of Appeals,1993,326,1
dc,S,District of Columbia Court of Appeals,1994,259,5
dc,S,District of Columbia Court of Appeals,1995,299,5
dc,S,District of Columbia Court of Appeals,1996,306,2
dc,S,District of Columbia Court of Appeals,1997,291,1
dc,S,District of Columbia Court of Appeals,1998,243,3
dc,S,District of Columbia Court of Appeals,1999,292,1
dc,S,District of Columbia Court of Appeals,2000,303,0
dc,S,District of Columbia Court of Appeals,2001,262,0
dc,S,District of Columbia Court of Appeals,2002,277,2
dc,S,District of Columbia Court of Appeals,2003,253,1
dc,S,District of Columbia Court of Appeals,2004,262,2
dc,S,District of Columbia Court of Appeals,2005,286,1
dc,S,District of Columbia Court of Appeals,2006,275,1
dc,S,District of Columbia Court of Appeals,2007,394,1
dc,S,District of Columbia Court of Appeals,2008,604,0
dc,S,District of Columbia Court of Appeals,2009,635,2
dc,S,District of Columbia Court of Appeals,2010,596,0
dc,S,District of Columbia Court of Appeals,2011,556,1
dc,S,District of Columbia Court of Appeals,2012,322,0
dc,S,District of Columbia Court of Appeals,2013,244,0
dc,S,District of Columbia Court of Appeals,2014,244,0
dc,S,District of Columbia Court of Appeals,2015,284,1
dc,S,District of Columbia Court of Appeals,2016,472,2
dc,S,District of Columbia Court of Appeals,2017,738,5
dc,S,District of Columbia Court of Appeals,2018,522,3
dc,S,District of Columbia Court of Appeals,2019,323,3
dc,S,District of Columbia Court of Appeals,2020,157,1
dc,S,District of Columbia Court of Appeals,2021,164,4
dc,S,District of Columbia Court of Appeals,2022,226,1
dc,S,District of Columbia Court of Appeals,2023,159,0
dc,S,District of Columbia Court of Appeals,2024,193,7
dc,S,District of Columbia Court of Appeals,2025,164,18
del,S,Supreme Court of Delaware,1990,73,0
del,S,Supreme Court of Delaware,1991,64,0
del,S,Supreme Court of Delaware,1992,72,0
del,S,Supreme Court of Delaware,1993,66,0
del,S,Supreme Court of Delaware,1994,54,0
del,S,Supreme Court of Delaware,1995,72,0
del,S,Supreme Court of Delaware,1996,89,0
del,S,Supreme Court of Delaware,1997,92,0
del,S,Supreme Court of Delaware,1998,75,0
del,S,Supreme Court of Delaware,1999,53,0
del,S,Supreme Court of Delaware,2000,73,0
del,S,Supreme Court of Delaware,2001,92,0
del,S,Supreme Court of Delaware,2002,80,0
del,S,Supreme Court of Delaware,2003,91,0
del,S,Supreme Court of Delaware,2004,96,0
del,S,Supreme Court of Delaware,2005,128,0
del,S,Supreme Court of Delaware,2006,129,0
del,S,Supreme Court of Delaware,2007,160,0
del,S,Supreme Court of Delaware,2008,389,0
del,S,Supreme Court of Delaware,2009,473,0
del,S,Supreme Court of Delaware,2010,473,0
del,S,Supreme Court of Delaware,2011,410,0
del,S,Supreme Court of Delaware,2012,240,0
del,S,Supreme Court of Delaware,2013,91,0
del,S,Supreme Court of Delaware,2014,330,0
del,S,Supreme Court of Delaware,2015,862,0
del,S,Supreme Court of Delaware,2016,1169,0
del,S,Supreme Court of Delaware,2017,1473,0
del,S,Supreme Court of Delaware,2018,1100,0
del,S,Supreme Court of Delaware,2019,826,0
del,S,Supreme Court of Delaware,2020,420,0
del,S,Supreme Court of Delaware,2021,386,0
del,S,Supreme Court of Delaware,2022,354,0
del,S,Supreme Court of Delaware,2023,398,0
del,S,Supreme Court of Delaware,2024,367,0
del,S,Supreme Court of Delaware,2025,467,0
delch,SA,Court of Chancery of Delaware,1990,7,0
delch,SA,Court of Chancery of Delaware,1991,16,0
delch,SA,Court of Chancery of Delaware,1992,11,0
delch,SA,Court of Chancery of Delaware,1993,10,0
delch,SA,Court of Chancery of Delaware,1994,8,0
delch,SA,Court of Chancery of Delaware,1995,19,0
delch,SA,Court of Chancery of Delaware,1996,16,0
delch,SA,Court of Chancery of Delaware,1997,17,0
delch,SA,Court of Chancery of Delaware,1998,21,0
delch,SA,Court of Chancery of Delaware,1999,39,0
delch,SA,Court of Chancery of Delaware,2000,36,0
delch,SA,Court of Chancery of Delaware,2001,31,0
delch,SA,Court of Chancery of Delaware,2002,26,0
delch,SA,Court of Chancery of Delaware,2003,34,0
delch,SA,Court of Chancery of Delaware,2004,35,0
delch,SA,Court of Chancery of Delaware,2005,26,0
delch,SA,Court of Chancery of Delaware,2006,39,0
delch,SA,Court of Chancery of Delaware,2007,38,0
delch,SA,Court of Chancery of Delaware,2008,38,0
delch,SA,Court of Chancery of Delaware,2009,16,0
delch,SA,Court of Chancery of Delaware,2010,23,0
delch,SA,Court of Chancery of Delaware,2011,18,0
delch,SA,Court of Chancery of Delaware,2012,20,0
delch,SA,Court of Chancery of Delaware,2013,17,0
delch,SA,Court of Chancery of Delaware,2014,158,0
delch,SA,Court of Chancery of Delaware,2015,239,0
delch,SA,Court of Chancery of Delaware,2016,167,0
delch,SA,Court of Chancery of Delaware,2017,216,0
delch,SA,Court of Chancery of Delaware,2018,217,0
delch,SA,Court of Chancery of Delaware,2019,231,0
delch,SA,Court of Chancery of Delaware,2020,272,0
delch,SA,Court of Chancery of Delaware,2021,273,0
delch,SA,Court of Chancery of Delaware,2022,318,0
delch,SA,Court of Chancery of Delaware,2023,310,0
delch,SA,Court of Chancery of Delaware,2024,319,0
delch,SA,Court of Chancery of Delaware,2025,314,0
delsuperct,SA,Superior Court of Delaware,1990,25,0
delsuperct,SA,Superior Court of Delaware,1991,14,0
delsuperct,SA,Superior Court of Delaware,1992,23,0
delsuperct,SA,Superior Court of Delaware,1993,11,0
delsuperct,SA,Superior Court of Delaware,1994,16,0
delsuperct,SA,Superior Court of Delaware,1995,21,0
delsuperct,SA,Superior Court of Delaware,1996,18,0
delsuperct,SA,Superior Court of Delaware,1997,21,0
delsuperct,SA,Superior Court of Delaware,1998,19,0
delsuperct,SA,Superior Court of Delaware,1999,21,0
delsuperct,SA,Superior Court of Delaware,2000,12,0
delsuperct,SA,Superior Court of Delaware,2001,17,0
delsuperct,SA,Superior Court of Delaware,2002,20,0
delsuperct,SA,Superior Court of Delaware,2003,15,0
delsuperct,SA,Superior Court of Delaware,2004,12,0
delsuperct,SA,Superior Court of Delaware,2005,20,0
delsuperct,SA,Superior Court of Delaware,2006,15,0
delsuperct,SA,Superior Court of Delaware,2007,9,0
delsuperct,SA,Superior Court of Delaware,2008,5,0
delsuperct,SA,Superior Court of Delaware,2009,6,0
delsuperct,SA,Superior Court of Delaware,2010,7,0
delsuperct,SA,Superior Court of Delaware,2011,1,0
delsuperct,SA,Superior Court of Delaware,2012,11,0
delsuperct,SA,Superior Court of Delaware,2013,5,0
delsuperct,SA,Superior Court of Delaware,2014,205,0
delsuperct,SA,Superior Court of Delaware,2015,349,0
delsuperct,SA,Superior Court of Delaware,2016,494,0
delsuperct,SA,Superior Court of Delaware,2017,558,0
delsuperct,SA,Superior Court of Delaware,2018,494,0
delsuperct,SA,Superior Court of Delaware,2019,560,0
delsuperct,SA,Superior Court of Delaware,2020,583,0
delsuperct,SA,Superior Court of Delaware,2021,471,0
delsuperct,SA,Superior Court of Delaware,2022,448,0
delsuperct,SA,Superior Court of Delaware,2023,587,0
delsuperct,SA,Superior Court of Delaware,2024,632,0
delsuperct,SA,Superior Court of Delaware,2025,540,0
fla,S,Supreme Court of Florida,1990,349,1
fla,S,Supreme Court of Florida,1991,388,0
fla,S,Supreme Court of Florida,1992,489,0
fla,S,Supreme Court of Florida,1993,432,0
fla,S,Supreme Court of Florida,1994,450,1
fla,S,Supreme Court of Florida,1995,351,0
fla,S,Supreme Court of Florida,1996,364,0
fla,S,Supreme Court of Florida,1997,350,1
fla,S,Supreme Court of Florida,1998,325,0
fla,S,Supreme Court of Florida,1999,220,0
fla,S,Supreme Court of Florida,2000,433,0
fla,S,Supreme Court of Florida,2001,372,0
fla,S,Supreme Court of Florida,2002,292,0
fla,S,Supreme Court of Florida,2003,217,0
fla,S,Supreme Court of Florida,2004,230,0
fla,S,Supreme Court of Florida,2005,327,0
fla,S,Supreme Court of Florida,2006,510,0
fla,S,Supreme Court of Florida,2007,718,0
fla,S,Supreme Court of Florida,2008,1311,0
fla,S,Supreme Court of Florida,2009,1333,0
fla,S,Supreme Court of Florida,2010,1310,1
fla,S,Supreme Court of Florida,2011,833,0
fla,S,Supreme Court of Florida,2012,318,0
fla,S,Supreme Court of Florida,2013,194,0
fla,S,Supreme Court of Florida,2014,244,0
fla,S,Supreme Court of Florida,2015,222,0
fla,S,Supreme Court of Florida,2016,206,0
fla,S,Supreme Court of Florida,2017,283,1
fla,S,Supreme Court of Florida,2018,416,1
fla,S,Supreme Court of Florida,2019,136,4
fla,S,Supreme Court of Florida,2020,140,0
fla,S,Supreme Court of Florida,2021,147,0
fla,S,Supreme Court of Florida,2022,119,0
fla,S,Supreme Court of Florida,2023,128,0
fla,S,Supreme Court of Florida,2024,131,0
fla,S,Supreme Court of Florida,2025,135,0
fladistctapp,SA,District Court of Appeal of Florida,1990,4790,0
fladistctapp,SA,District Court of Appeal of Florida,1991,5075,0
fladistctapp,SA,District Court of Appeal of Florida,1992,4709,0
fladistctapp,SA,District Court of Appeal of Florida,1993,4376,0
fladistctapp,SA,District Court of Appeal of Florida,1994,4435,0
fladistctapp,SA,District Court of Appeal of Florida,1995,4594,0
fladistctapp,SA,District Court of Appeal of Florida,1996,4686,0
fladistctapp,SA,District Court of Appeal of Florida,1997,4759,0
fladistctapp,SA,District Court of Appeal of Florida,1998,5167,0
fladistctapp,SA,District Court of Appeal of Florida,1999,5184,0
fladistctapp,SA,District Court of Appeal of Florida,2000,5448,0
fladistctapp,SA,District Court of Appeal of Florida,2001,5251,0
fladistctapp,SA,District Court of Appeal of Florida,2002,4794,0
fladistctapp,SA,District Court of Appeal of Florida,2003,4595,0
fladistctapp,SA,District Court of Appeal of Florida,2004,4676,0
fladistctapp,SA,District Court of Appeal of Florida,2005,4971,0
fladistctapp,SA,District Court of Appeal of Florida,2006,6011,0
fladistctapp,SA,District Court of Appeal of Florida,2007,6830,0
fladistctapp,SA,District Court of Appeal of Florida,2008,12930,0
fladistctapp,SA,District Court of Appeal of Florida,2009,13540,0
fladistctapp,SA,District Court of Appeal of Florida,2010,12697,0
fladistctapp,SA,District Court of Appeal of Florida,2011,7755,0
fladistctapp,SA,District Court of Appeal of Florida,2012,6091,0
fladistctapp,SA,District Court of Appeal of Florida,2013,3536,0
fladistctapp,SA,District Court of Appeal of Florida,2014,4722,0
fladistctapp,SA,District Court of Appeal of Florida,2015,5935,0
fladistctapp,SA,District Court of Appeal of Florida,2016,10641,0
fladistctapp,SA,District Court of Appeal of Florida,2017,17211,0
fladistctapp,SA,District Court of Appeal of Florida,2018,21044,0
fladistctapp,SA,District Court of Appeal of Florida,2019,18912,0
fladistctapp,SA,District Court of Appeal of Florida,2020,2393,0
fladistctapp,SA,District Court of Appeal of Florida,2021,3303,0
fladistctapp,SA,District Court of Appeal of Florida,2022,3847,0
fladistctapp,SA,District Court of Appeal of Florida,2023,4487,0
fladistctapp,SA,District Court of Appeal of Florida,2024,6942,0
fladistctapp,SA,District Court of Appeal of Florida,2025,4712,0
fladistctapp1,SA,Florida First District Court of Appeal,2018,1,0
fladistctapp1,SA,Florida First District Court of Appeal,2019,43,0
fladistctapp2,SA,Florida Second District Court of Appeal,2018,1,0
fladistctapp2,SA,Florida Second District Court of Appeal,2019,56,0
fladistctapp3,SA,Florida Third District Court of Appeal,2017,111,0
fladistctapp3,SA,Florida Third District Court of Appeal,2018,72,0
fladistctapp3,SA,Florida Third District Court of Appeal,2019,39,0
fladistctapp4,SA,Florida Fourth District Court of Appeal,2019,15,0
fladistctapp5,SA,Florida Fifth District Court of Appeal,2019,28,0
ga,S,Supreme Court of Georgia,1990,331,0
ga,S,Supreme Court of Georgia,1991,410,0
ga,S,Supreme Court of Georgia,1992,314,0
ga,S,Supreme Court of Georgia,1993,348,0
ga,S,Supreme Court of Georgia,1994,347,0
ga,S,Supreme Court of Georgia,1995,401,0
ga,S,Supreme Court of Georgia,1996,402,0
ga,S,Supreme Court of Georgia,1997,370,0
ga,S,Supreme Court of Georgia,1998,394,0
ga,S,Supreme Court of Georgia,1999,392,0
ga,S,Supreme Court of Georgia,2000,347,0
ga,S,Supreme Court of Georgia,2001,352,0
ga,S,Supreme Court of Georgia,2002,350,0
ga,S,Supreme Court of Georgia,2003,363,0
ga,S,Supreme Court of Georgia,2004,353,0
ga,S,Supreme Court of Georgia,2005,358,0
ga,S,Supreme Court of Georgia,2006,356,0
ga,S,Supreme Court of Georgia,2007,350,0
ga,S,Supreme Court of Georgia,2008,373,0
ga,S,Supreme Court of Georgia,2009,358,0
ga,S,Supreme Court of Georgia,2010,419,0
ga,S,Supreme Court of Georgia,2011,364,0
ga,S,Supreme Court of Georgia,2012,396,0
ga,S,Supreme Court of Georgia,2013,377,0
ga,S,Supreme Court of Georgia,2014,437,0
ga,S,Supreme Court of Georgia,2015,585,0
ga,S,Supreme Court of Georgia,2016,397,0
ga,S,Supreme Court of Georgia,2017,370,366
ga,S,Supreme Court of Georgia,2018,625,0
ga,S,Supreme Court of Georgia,2019,549,0
ga,S,Supreme Court of Georgia,2020,342,0
ga,S,Supreme Court of Georgia,2021,250,0
ga,S,Supreme Court of Georgia,2022,234,0
ga,S,Supreme Court of Georgia,2023,233,0
ga,S,Supreme Court of Georgia,2024,251,0
ga,S,Supreme Court of Georgia,2025,264,0
gactapp,SA,Court of Appeals of Georgia,1990,1543,0
gactapp,SA,Court of Appeals of Georgia,1991,1479,0
gactapp,SA,Court of Appeals of Georgia,1992,1559,0
gactapp,SA,Court of Appeals of Georgia,1993,1513,0
gactapp,SA,Court of Appeals of Georgia,1994,1404,0
gactapp,SA,Court of Appeals of Georgia,1995,1116,0
gactapp,SA,Court of Appeals of Georgia,1996,1304,0
gactapp,SA,Court of Appeals of Georgia,1997,1533,0
gactapp,SA,Court of Appeals of Georgia,1998,1570,0
gactapp,SA,Court of Appeals of Georgia,1999,1609,0
gactapp,SA,Court of Appeals of Georgia,2000,1488,0
gactapp,SA,Court of Appeals of Georgia,2001,1413,0
gactapp,SA,Court of Appeals of Georgia,2002,1476,0
gactapp,SA,Court of Appeals of Georgia,2003,1449,0
gactapp,SA,Court of Appeals of Georgia,2004,1485,0
gactapp,SA,Court of Appeals of Georgia,2005,1347,0
gactapp,SA,Court of Appeals of Georgia,2006,1396,0
gactapp,SA,Court of Appeals of Georgia,2007,1359,0
gactapp,SA,Court of Appeals of Georgia,2008,1462,0
gactapp,SA,Court of Appeals of Georgia,2009,1426,0
gactapp,SA,Court of Appeals of Georgia,2010,1185,0
gactapp,SA,Court of Appeals of Georgia,2011,1186,0
gactapp,SA,Court of Appeals of Georgia,2012,2861,0
gactapp,SA,Court of Appeals of Georgia,2013,3584,0
gactapp,SA,Court of Appeals of Georgia,2014,3130,0
gactapp,SA,Court of Appeals of Georgia,2015,2495,0
gactapp,SA,Court of Appeals of Georgia,2016,2526,0
gactapp,SA,Court of Appeals of Georgia,2017,2303,0
gactapp,SA,Court of Appeals of Georgia,2018,2386,0
gactapp,SA,Court of Appeals of Georgia,2019,2511,0
gactapp,SA,Court of Appeals of Georgia,2020,1946,0
gactapp,SA,Court of Appeals of Georgia,2021,1867,0
gactapp,SA,Court of Appeals of Georgia,2022,1929,0
gactapp,SA,Court of Appeals of Georgia,2023,1882,0
gactapp,SA,Court of Appeals of Georgia,2024,1923,0
gactapp,SA,Court of Appeals of Georgia,2025,2373,0
haw,S,Hawaii Supreme Court,1990,70,0
haw,S,Hawaii Supreme Court,1991,51,0
haw,S,Hawaii Supreme Court,1992,83,0
haw,S,Hawaii Supreme Court,1993,61,1
haw,S,Hawaii Supreme Court,1994,218,0
haw,S,Hawaii Supreme Court,1995,255,0
haw,S,Hawaii Supreme Court,1996,380,0
haw,S,Hawaii Supreme Court,1997,430,0
haw,S,Hawaii Supreme Court,1998,419,0
haw,S,Hawaii Supreme Court,1999,270,0
haw,S,Hawaii Supreme Court,2000,162,0
haw,S,Hawaii Supreme Court,2001,165,0
haw,S,Hawaii Supreme Court,2002,236,0
haw,S,Hawaii Supreme Court,2003,197,0
haw,S,Hawaii Supreme Court,2004,256,0
haw,S,Hawaii Supreme Court,2005,224,0
haw,S,Hawaii Supreme Court,2006,223,0
haw,S,Hawaii Supreme Court,2007,139,0
haw,S,Hawaii Supreme Court,2008,95,0
haw,S,Hawaii Supreme Court,2009,71,0
haw,S,Hawaii Supreme Court,2010,335,0
haw,S,Hawaii Supreme Court,2011,256,0
haw,S,Hawaii Supreme Court,2012,412,0
haw,S,Hawaii Supreme Court,2013,446,0
haw,S,Hawaii Supreme Court,2014,406,0
haw,S,Hawaii Supreme Court,2015,346,0
haw,S,Hawaii Supreme Court,2016,379,0
haw,S,Hawaii Supreme Court,2017,297,0
haw,S,Hawaii Supreme Court,2018,304,0
haw,S,Hawaii Supreme Court,2019,392,0
haw,S,Hawaii Supreme Court,2020,409,0
haw,S,Hawaii Supreme Court,2021,312,0
haw,S,Hawaii Supreme Court,2022,276,0
haw,S,Hawaii Supreme Court,2023,183,0
haw,S,Hawaii Supreme Court,2024,243,0
haw,S,Hawaii Supreme Court,2025,336,0
hawapp,SA,Hawaii Intermediate Court of Appeals,1990,42,0
hawapp,SA,Hawaii Intermediate Court of Appeals,1991,33,0
hawapp,SA,Hawaii Intermediate Court of Appeals,1992,52,0
hawapp,SA,Hawaii Intermediate Court of Appeals,1993,45,0
hawapp,SA,Hawaii Intermediate Court of Appeals,1994,60,0
hawapp,SA,Hawaii Intermediate Court of Appeals,1995,85,0
hawapp,SA,Hawaii Intermediate Court of Appeals,1996,265,0
hawapp,SA,Hawaii Intermediate Court of Appeals,1997,344,0
hawapp,SA,Hawaii Intermediate Court of Appeals,1998,198,0
hawapp,SA,Hawaii Intermediate Court of Appeals,1999,185,0
hawapp,SA,Hawaii Intermediate Court of Appeals,2000,158,0
hawapp,SA,Hawaii Intermediate Court of Appeals,2001,172,0
hawapp,SA,Hawaii Intermediate Court of Appeals,2002,190,0
hawapp,SA,Hawaii Intermediate Court of Appeals,2003,188,0
hawapp,SA,Hawaii Intermediate Court of Appeals,2004,216,0
hawapp,SA,Hawaii Intermediate Court of Appeals,2005,265,0
hawapp,SA,Hawaii Intermediate Court of Appeals,2006,326,0
hawapp,SA,Hawaii Intermediate Court of Appeals,2007,312,0
hawapp,SA,Hawaii Intermediate Court of Appeals,2008,549,0
hawapp,SA,Hawaii Intermediate Court of Appeals,2009,601,0
hawapp,SA,Hawaii Intermediate Court of Appeals,2010,763,0
hawapp,SA,Hawaii Intermediate Court of Appeals,2011,871,0
hawapp,SA,Hawaii Intermediate Court of Appeals,2012,960,0
hawapp,SA,Hawaii Intermediate Court of Appeals,2013,1079,0
hawapp,SA,Hawaii Intermediate Court of Appeals,2014,870,0
hawapp,SA,Hawaii Intermediate Court of Appeals,2015,997,0
hawapp,SA,Hawaii Intermediate Court of Appeals,2016,674,0
hawapp,SA,Hawaii Intermediate Court of Appeals,2017,729,0
hawapp,SA,Hawaii Intermediate Court of Appeals,2018,771,0
hawapp,SA,Hawaii Intermediate Court of Appeals,2019,822,0
hawapp,SA,Hawaii Intermediate Court of Appeals,2020,432,0
hawapp,SA,Hawaii Intermediate Court of Appeals,2021,397,0
hawapp,SA,Hawaii Intermediate Court of Appeals,2022,404,0
hawapp,SA,Hawaii Intermediate Court of Appeals,2023,356,0
hawapp,SA,Hawaii Intermediate Court of Appeals,2024,595,0
hawapp,SA,Hawaii Intermediate Court of Appeals,2025,649,0
idaho,S,Idaho Supreme Court,1990,156,0
idaho,S,Idaho Supreme Court,1991,147,0
idaho,S,Idaho Supreme Court,1992,145,0
idaho,S,Idaho Supreme Court,1993,140,0
idaho,S,Idaho Supreme Court,1994,125,0
idaho,S,Idaho Supreme Court,1995,145,0
idaho,S,Idaho Supreme Court,1996,143,1
idaho,S,Idaho Supreme Court,1997,132,0
idaho,S,Idaho Supreme Court,1998,128,0
idaho,S,Idaho Supreme Court,1999,130,0
idaho,S,Idaho Supreme Court,2000,148,0
idaho,S,Idaho Supreme Court,2001,111,0
idaho,S,Idaho Supreme Court,2002,144,0
idaho,S,Idaho Supreme Court,2003,132,0
idaho,S,Idaho Supreme Court,2004,131,0
idaho,S,Idaho Supreme Court,2005,143,1
idaho,S,Idaho Supreme Court,2006,116,0
idaho,S,Idaho Supreme Court,2007,148,0
idaho,S,Idaho Supreme Court,2008,124,0
idaho,S,Idaho Supreme Court,2009,176,0
idaho,S,Idaho Supreme Court,2010,166,0
idaho,S,Idaho Supreme Court,2011,160,0
idaho,S,Idaho Supreme Court,2012,168,0
idaho,S,Idaho Supreme Court,2013,156,0
idaho,S,Idaho Supreme Court,2014,199,0
idaho,S,Idaho Supreme Court,2015,126,0
idaho,S,Idaho Supreme Court,2016,194,1
idaho,S,Idaho Supreme Court,2017,154,0
idaho,S,Idaho Supreme Court,2018,137,1
idaho,S,Idaho Supreme Court,2019,193,0
idaho,S,Idaho Supreme Court,2020,146,0
idaho,S,Idaho Supreme Court,2021,131,0
idaho,S,Idaho Supreme Court,2022,129,0
idaho,S,Idaho Supreme Court,2023,144,0
idaho,S,Idaho Supreme Court,2024,144,0
idaho,S,Idaho Supreme Court,2025,126,0
idahoctapp,SA,Idaho Court of Appeals,1990,189,0
idahoctapp,SA,Idaho Court of Appeals,1991,209,0
idahoctapp,SA,Idaho Court of Appeals,1992,220,0
idahoctapp,SA,Idaho Court of Appeals,1993,182,0
idahoctapp,SA,Idaho Court of Appeals,1994,141,0
idahoctapp,SA,Idaho Court of Appeals,1995,118,0
idahoctapp,SA,Idaho Court of Appeals,1996,110,0
idahoctapp,SA,Idaho Court of Appeals,1997,115,0
idahoctapp,SA,Idaho Court of Appeals,1998,93,0
idahoctapp,SA,Idaho Court of Appeals,1999,87,0
idahoctapp,SA,Idaho Court of Appeals,2000,87,0
idahoctapp,SA,Idaho Court of Appeals,2001,89,1
idahoctapp,SA,Idaho Court of Appeals,2002,88,0
idahoctapp,SA,Idaho Court of Appeals,2003,89,0
idahoctapp,SA,Idaho Court of Appeals,2004,66,0
idahoctapp,SA,Idaho Court of Appeals,2005,71,0
idahoctapp,SA,Idaho Court of Appeals,2006,77,0
idahoctapp,SA,Idaho Court of Appeals,2007,97,0
idahoctapp,SA,Idaho Court of Appeals,2008,127,0
idahoctapp,SA,Idaho Court of Appeals,2009,84,0
idahoctapp,SA,Idaho Court of Appeals,2010,103,312
idahoctapp,SA,Idaho Court of Appeals,2011,85,207
idahoctapp,SA,Idaho Court of Appeals,2012,77,481
idahoctapp,SA,Idaho Court of Appeals,2013,85,526
idahoctapp,SA,Idaho Court of Appeals,2014,125,600
idahoctapp,SA,Idaho Court of Appeals,2015,108,408
idahoctapp,SA,Idaho Court of Appeals,2016,104,532
idahoctapp,SA,Idaho Court of Appeals,2017,106,391
idahoctapp,SA,Idaho Court of Appeals,2018,62,427
idahoctapp,SA,Idaho Court of Appeals,2019,30,335
idahoctapp,SA,Idaho Court of Appeals,2020,62,204
idahoctapp,SA,Idaho Court of Appeals,2021,35,201
idahoctapp,SA,Idaho Court of Appeals,2022,20,158
idahoctapp,SA,Idaho Court of Appeals,2023,32,148
idahoctapp,SA,Idaho Court of Appeals,2024,39,171
idahoctapp,SA,Idaho Court of Appeals,2025,63,223
ill,S,Illinois Supreme Court,1990,160,0
ill,S,Illinois Supreme Court,1991,121,0
ill,S,Illinois Supreme Court,1992,186,0
ill,S,Illinois Supreme Court,1993,86,0
ill,S,Illinois Supreme Court,1994,154,0
ill,S,Illinois Supreme Court,1995,137,0
ill,S,Illinois Supreme Court,1996,165,0
ill,S,Illinois Supreme Court,1997,239,0
ill,S,Illinois Supreme Court,1998,266,0
ill,S,Illinois Supreme Court,1999,184,0
ill,S,Illinois Supreme Court,2000,272,0
ill,S,Illinois Supreme Court,2001,455,0
ill,S,Illinois Supreme Court,2002,293,5
ill,S,Illinois Supreme Court,2003,217,8
ill,S,Illinois Supreme Court,2004,299,5
ill,S,Illinois Supreme Court,2005,386,0
ill,S,Illinois Supreme Court,2006,419,0
ill,S,Illinois Supreme Court,2007,380,1
ill,S,Illinois Supreme Court,2008,1235,0
ill,S,Illinois Supreme Court,2009,740,0
ill,S,Illinois Supreme Court,2010,1108,0
ill,S,Illinois Supreme Court,2011,751,18
ill,S,Illinois Supreme Court,2012,459,0
ill,S,Illinois Supreme Court,2013,73,31
ill,S,Illinois Supreme Court,2014,60,74
ill,S,Illinois Supreme Court,2015,72,82
ill,S,Illinois Supreme Court,2016,43,82
ill,S,Illinois Supreme Court,2017,656,30
ill,S,Illinois Supreme Court,2018,1205,48
ill,S,Illinois Supreme Court,2019,698,35
ill,S,Illinois Supreme Court,2020,97,0
ill,S,Illinois Supreme Court,2021,100,0
ill,S,Illinois Supreme Court,2022,75,0
ill,S,Illinois Supreme Court,2023,71,0
ill,S,Illinois Supreme Court,2024,76,0
ill,S,Illinois Supreme Court,2025,54,0
illappct,SA,Appellate Court of Illinois,1990,1920,0
illappct,SA,Appellate Court of Illinois,1991,2133,0
illappct,SA,Appellate Court of Illinois,1992,2049,0
illappct,SA,Appellate Court of Illinois,1993,2011,0
illappct,SA,Appellate Court of Illinois,1994,1549,0
illappct,SA,Appellate Court of Illinois,1995,1032,0
illappct,SA,Appellate Court of Illinois,1996,1244,0
illappct,SA,Appellate Court of Illinois,1997,1591,0
illappct,SA,Appellate Court of Illinois,1998,1575,0
illappct,SA,Appellate Court of Illinois,1999,1563,0
illappct,SA,Appellate Court of Illinois,2000,1711,2
illappct,SA,Appellate Court of Illinois,2001,1628,10
illappct,SA,Appellate Court of Illinois,2002,1712,1
illappct,SA,Appellate Court of Illinois,2003,2258,4
illappct,SA,Appellate Court of Illinois,2004,2634,2
illappct,SA,Appellate Court of Illinois,2005,3280,20
illappct,SA,Appellate Court of Illinois,2006,2797,17
illappct,SA,Appellate Court of Illinois,2007,3110,56
illappct,SA,Appellate Court of Illinois,2008,2987,9
illappct,SA,Appellate Court of Illinois,2009,1102,6
illappct,SA,Appellate Court of Illinois,2010,1371,26
illappct,SA,Appellate Court of Illinois,2011,1298,76
illappct,SA,Appellate Court of Illinois,2012,955,5
illappct,SA,Appellate Court of Illinois,2013,626,144
illappct,SA,Appellate Court of Illinois,2014,810,785
illappct,SA,Appellate Court of Illinois,2015,667,888
illappct,SA,Appellate Court of Illinois,2016,367,906
illappct,SA,Appellate Court of Illinois,2017,682,774
illappct,SA,Appellate Court of Illinois,2018,510,795
illappct,SA,Appellate Court of Illinois,2019,549,1037
illappct,SA,Appellate Court of Illinois,2020,1070,1997
illappct,SA,Appellate Court of Illinois,2021,961,1970
illappct,SA,Appellate Court of Illinois,2022,479,1798
illappct,SA,Appellate Court of Illinois,2023,475,1846
illappct,SA,Appellate Court of Illinois,2024,435,2155
illappct,SA,Appellate Court of Illinois,2025,350,2070
ind,S,Indiana Supreme Court,1990,251,0
ind,S,Indiana Supreme Court,1991,238,0
ind,S,Indiana Supreme Court,1992,201,0
ind,S,Indiana Supreme Court,1993,209,0
ind,S,Indiana Supreme Court,1994,208,0
ind,S,Indiana Supreme Court,1995,185,0
ind,S,Indiana Supreme Court,1996,201,0
ind,S,Indiana Supreme Court,1997,247,0
ind,S,Indiana Supreme Court,1998,340,0
ind,S,Indiana Supreme Court,1999,296,0
ind,S,Indiana Supreme Court,2000,282,0
ind,S,Indiana Supreme Court,2001,271,0
ind,S,Indiana Supreme Court,2002,293,0
ind,S,Indiana Supreme Court,2003,180,0
ind,S,Indiana Supreme Court,2004,181,0
ind,S,Indiana Supreme Court,2005,239,0
ind,S,Indiana Supreme Court,2006,213,0
ind,S,Indiana Supreme Court,2007,553,0
ind,S,Indiana Supreme Court,2008,1099,0
ind,S,Indiana Supreme Court,2009,861,0
ind,S,Indiana Supreme Court,2010,719,0
ind,S,Indiana Supreme Court,2011,367,0
ind,S,Indiana Supreme Court,2012,279,0
ind,S,Indiana Supreme Court,2013,187,0
ind,S,Indiana Supreme Court,2014,235,0
ind,S,Indiana Supreme Court,2015,160,0
ind,S,Indiana Supreme Court,2016,146,0
ind,S,Indiana Supreme Court,2017,703,0
ind,S,Indiana Supreme Court,2018,763,0
ind,S,Indiana Supreme Court,2019,552,0
ind,S,Indiana Supreme Court,2020,63,0
ind,S,Indiana Supreme Court,2021,1,0
ind,S,Indiana Supreme Court,2023,31,0
ind,S,Indiana Supreme Court,2024,51,0
ind,S,Indiana Supreme Court,2025,52,0
indctapp,SA,Indiana Court of Appeals,1990,556,0
indctapp,SA,Indiana Court of Appeals,1991,715,0
indctapp,SA,Indiana Court of Appeals,1992,623,0
indctapp,SA,Indiana Court of Appeals,1993,538,0
indctapp,SA,Indiana Court of Appeals,1994,609,0
indctapp,SA,Indiana Court of Appeals,1995,614,0
indctapp,SA,Indiana Court of Appeals,1996,530,0
indctapp,SA,Indiana Court of Appeals,1997,491,0
indctapp,SA,Indiana Court of Appeals,1998,569,0
indctapp,SA,Indiana Court of Appeals,1999,642,0
indctapp,SA,Indiana Court of Appeals,2000,610,0
indctapp,SA,Indiana Court of Appeals,2001,639,0
indctapp,SA,Indiana Court of Appeals,2002,637,0
indctapp,SA,Indiana Court of Appeals,2003,716,0
indctapp,SA,Indiana Court of Appeals,2004,696,0
indctapp,SA,Indiana Court of Appeals,2005,710,0
indctapp,SA,Indiana Court of Appeals,2006,945,0
indctapp,SA,Indiana Court of Appeals,2007,1364,0
indctapp,SA,Indiana Court of Appeals,2008,2372,0
indctapp,SA,Indiana Court of Appeals,2009,2419,0
indctapp,SA,Indiana Court of Appeals,2010,2212,0
indctapp,SA,Indiana Court of Appeals,2011,2116,0
indctapp,SA,Indiana Court of Appeals,2012,1365,1633
indctapp,SA,Indiana Court of Appeals,2013,622,1552
indctapp,SA,Indiana Court of Appeals,2014,590,1642
indctapp,SA,Indiana Court of Appeals,2015,1916,64
indctapp,SA,Indiana Court of Appeals,2016,2156,0
indctapp,SA,Indiana Court of Appeals,2017,3827,0
indctapp,SA,Indiana Court of Appeals,2018,3599,0
indctapp,SA,Indiana Court of Appeals,2019,2811,0
indctapp,SA,Indiana Court of Appeals,2020,1888,0
indctapp,SA,Indiana Court of Appeals,2021,37,0
indctapp,SA,Indiana Court of Appeals,2023,265,0
indctapp,SA,Indiana Court of Appeals,2024,311,0
indctapp,SA,Indiana Court of Appeals,2025,366,0
iowa,S,Supreme Court of Iowa,1990,255,0
iowa,S,Supreme Court of Iowa,1991,280,0
iowa,S,Supreme Court of Iowa,1992,258,0
iowa,S,Supreme Court of Iowa,1993,260,0
iowa,S,Supreme Court of Iowa,1994,283,0
iowa,S,Supreme Court of Iowa,1995,268,0
iowa,S,Supreme Court of Iowa,1996,271,0
iowa,S,Supreme Court of Iowa,1997,288,0
iowa,S,Supreme Court of Iowa,1998,260,0
iowa,S,Supreme Court of Iowa,1999,265,0
iowa,S,Supreme Court of Iowa,2000,220,0
iowa,S,Supreme Court of Iowa,2001,186,0
iowa,S,Supreme Court of Iowa,2002,186,0
iowa,S,Supreme Court of Iowa,2003,180,0
iowa,S,Supreme Court of Iowa,2004,172,0
iowa,S,Supreme Court of Iowa,2005,148,0
iowa,S,Supreme Court of Iowa,2006,262,0
iowa,S,Supreme Court of Iowa,2007,239,0
iowa,S,Supreme Court of Iowa,2008,285,0
iowa,S,Supreme Court of Iowa,2009,272,0
iowa,S,Supreme Court of Iowa,2010,209,0
iowa,S,Supreme Court of Iowa,2011,93,0
iowa,S,Supreme Court of Iowa,2012,100,0
iowa,S,Supreme Court of Iowa,2013,107,0
iowa,S,Supreme Court of Iowa,2014,151,0
iowa,S,Supreme Court of Iowa,2015,184,0
iowa,S,Supreme Court of Iowa,2016,217,0
iowa,S,Supreme Court of Iowa,2017,199,0
iowa,S,Supreme Court of Iowa,2018,122,0
iowa,S,Supreme Court of Iowa,2019,144,0
iowa,S,Supreme Court of Iowa,2020,121,0
iowa,S,Supreme Court of Iowa,2021,157,0
iowa,S,Supreme Court of Iowa,2022,144,0
iowa,S,Supreme Court of Iowa,2023,128,0
iowa,S,Supreme Court of Iowa,2024,138,0
iowa,S,Supreme Court of Iowa,2025,107,0
iowactapp,SA,Court of Appeals of Iowa,1990,177,0
iowactapp,SA,Court of Appeals of Iowa,1991,152,0
iowactapp,SA,Court of Appeals of Iowa,1992,183,0
iowactapp,SA,Court of Appeals of Iowa,1993,170,0
iowactapp,SA,Court of Appeals of Iowa,1994,159,0
iowactapp,SA,Court of Appeals of Iowa,1995,169,0
iowactapp,SA,Court of Appeals of Iowa,1996,120,0
iowactapp,SA,Court of Appeals of Iowa,1997,91,0
iowactapp,SA,Court of Appeals of Iowa,1998,84,0
iowactapp,SA,Court of Appeals of Iowa,1999,37,0
iowactapp,SA,Court of Appeals of Iowa,2000,22,0
iowactapp,SA,Court of Appeals of Iowa,2001,26,0
iowactapp,SA,Court of Appeals of Iowa,2002,29,0
iowactapp,SA,Court of Appeals of Iowa,2003,11,0
iowactapp,SA,Court of Appeals of Iowa,2004,261,0
iowactapp,SA,Court of Appeals of Iowa,2005,406,0
iowactapp,SA,Court of Appeals of Iowa,2006,545,0
iowactapp,SA,Court of Appeals of Iowa,2007,593,0
iowactapp,SA,Court of Appeals of Iowa,2008,663,0
iowactapp,SA,Court of Appeals of Iowa,2009,682,0
iowactapp,SA,Court of Appeals of Iowa,2010,359,0
iowactapp,SA,Court of Appeals of Iowa,2011,42,0
iowactapp,SA,Court of Appeals of Iowa,2012,17,0
iowactapp,SA,Court of Appeals of Iowa,2013,16,0
iowactapp,SA,Court of Appeals of Iowa,2014,1055,0
iowactapp,SA,Court of Appeals of Iowa,2015,1201,0
iowactapp,SA,Court of Appeals of Iowa,2016,1505,0
iowactapp,SA,Court of Appeals of Iowa,2017,2420,0
iowactapp,SA,Court of Appeals of Iowa,2018,1943,0
iowactapp,SA,Court of Appeals of Iowa,2019,1816,0
iowactapp,SA,Court of Appeals of Iowa,2020,1161,0
iowactapp,SA,Court of Appeals of Iowa,2021,1059,0
iowactapp,SA,Court of Appeals of Iowa,2022,979,0
iowactapp,SA,Court of Appeals of Iowa,2023,960,0
iowactapp,SA,Court of Appeals of Iowa,2024,802,0
iowactapp,SA,Court of Appeals of Iowa,2025,1076,0
kan,S,Supreme Court of Kansas,1990,141,0
kan,S,Supreme Court of Kansas,1991,179,0
kan,S,Supreme Court of Kansas,1992,171,0
kan,S,Supreme Court of Kansas,1993,180,0
kan,S,Supreme Court of Kansas,1994,175,0
kan,S,Supreme Court of Kansas,1995,173,0
kan,S,Supreme Court of Kansas,1996,164,0
kan,S,Supreme Court of Kansas,1997,176,0
kan,S,Supreme Court of Kansas,1998,188,0
kan,S,Supreme Court of Kansas,1999,155,0
kan,S,Supreme Court of Kansas,2000,177,0
kan,S,Supreme Court of Kansas,2001,174,0
kan,S,Supreme Court of Kansas,2002,183,0
kan,S,Supreme Court of Kansas,2003,155,0
kan,S,Supreme Court of Kansas,2004,128,0
kan,S,Supreme Court of Kansas,2005,126,0
kan,S,Supreme Court of Kansas,2006,166,0
kan,S,Supreme Court of Kansas,2007,158,0
kan,S,Supreme Court of Kansas,2008,184,0
kan,S,Supreme Court of Kansas,2009,232,0
kan,S,Supreme Court of Kansas,2010,281,0
kan,S,Supreme Court of Kansas,2011,221,0
kan,S,Supreme Court of Kansas,2012,210,0
kan,S,Supreme Court of Kansas,2013,942,0
kan,S,Supreme Court of Kansas,2014,235,0
kan,S,Supreme Court of Kansas,2015,727,0
kan,S,Supreme Court of Kansas,2016,503,3
kan,S,Supreme Court of Kansas,2017,153,15
kan,S,Supreme Court of Kansas,2018,165,4
kan,S,Supreme Court of Kansas,2019,166,2
kan,S,Supreme Court of Kansas,2020,119,3
kan,S,Supreme Court of Kansas,2021,136,1
kan,S,Supreme Court of Kansas,2022,119,0
kan,S,Supreme Court of Kansas,2023,20,1
kan,S,Supreme Court of Kansas,2024,119,1
kan,S,Supreme Court of Kansas,2025,93,1
kanctapp,SA,Court of Appeals of Kansas,1990,106,0
kanctapp,SA,Court of Appeals of Kansas,1991,133,0
kanctapp,SA,Court of Appeals of Kansas,1992,151,0
kanctapp,SA,Court of Appeals of Kansas,1993,157,0
kanctapp,SA,Court of Appeals of Kansas,1994,153,0
kanctapp,SA,Court of Appeals of Kansas,1995,203,0
kanctapp,SA,Court of Appeals of Kansas,1996,170,0
kanctapp,SA,Court of Appeals of Kansas,1997,199,0
kanctapp,SA,Court of Appeals of Kansas,1998,154,0
kanctapp,SA,Court of Appeals of Kansas,1999,151,0
kanctapp,SA,Court of Appeals of Kansas,2000,218,0
kanctapp,SA,Court of Appeals of Kansas,2001,220,0
kanctapp,SA,Court of Appeals of Kansas,2002,173,0
kanctapp,SA,Court of Appeals of Kansas,2003,162,0
kanctapp,SA,Court of Appeals of Kansas,2004,158,0
kanctapp,SA,Court of Appeals of Kansas,2005,144,0
kanctapp,SA,Court of Appeals of Kansas,2006,223,0
kanctapp,SA,Court of Appeals of Kansas,2007,582,0
kanctapp,SA,Court of Appeals of Kansas,2008,908,0
kanctapp,SA,Court of Appeals of Kansas,2009,950,0
kanctapp,SA,Court of Appeals of Kansas,2010,978,0
kanctapp,SA,Court of Appeals of Kansas,2011,1037,0
kanctapp,SA,Court of Appeals of Kansas,2012,382,0
kanctapp,SA,Court of Appeals of Kansas,2013,94,0
kanctapp,SA,Court of Appeals of Kansas,2014,107,0
kanctapp,SA,Court of Appeals of Kansas,2015,101,0
kanctapp,SA,Court of Appeals of Kansas,2016,88,0
kanctapp,SA,Court of Appeals of Kansas,2017,100,0
kanctapp,SA,Court of Appeals of Kansas,2018,1012,0
kanctapp,SA,Court of Appeals of Kansas,2019,669,1
kanctapp,SA,Court of Appeals of Kansas,2020,88,774
kanctapp,SA,Court of Appeals of Kansas,2021,65,786
kanctapp,SA,Court of Appeals of Kansas,2022,53,656
kanctapp,SA,Court of Appeals of Kansas,2023,12,102
kanctapp,SA,Court of Appeals of Kansas,2024,36,522
kanctapp,SA,Court of Appeals of Kansas,2025,58,579
ky,S,Kentucky Supreme Court,1990,137,0
ky,S,Kentucky Supreme Court,1991,152,0
ky,S,Kentucky Supreme Court,1992,178,0
ky,S,Kentucky Supreme Court,1993,148,0
ky,S,Kentucky Supreme Court,1994,147,0
ky,S,Kentucky Supreme Court,1995,144,0
ky,S,Kentucky Supreme Court,1996,114,0
ky,S,Kentucky Supreme Court,1997,146,0
ky,S,Kentucky Supreme Court,1998,143,0
ky,S,Kentucky Supreme Court,1999,156,0
ky,S,Kentucky Supreme Court,2000,156,0
ky,S,Kentucky Supreme Court,2001,170,0
ky,S,Kentucky Supreme Court,2002,150,0
ky,S,Kentucky Supreme Court,2003,153,0
ky,S,Kentucky Supreme Court,2004,162,0
ky,S,Kentucky Supreme Court,2005,193,8
ky,S,Kentucky Supreme Court,2006,182,39
ky,S,Kentucky Supreme Court,2007,129,50
ky,S,Kentucky Supreme Court,2008,183,64
ky,S,Kentucky Supreme Court,2009,177,71
ky,S,Kentucky Supreme Court,2010,238,52
ky,S,Kentucky Supreme Court,2011,161,12
ky,S,Kentucky Supreme Court,2012,186,3
ky,S,Kentucky Supreme Court,2013,198,0
ky,S,Kentucky Supreme Court,2014,111,72
ky,S,Kentucky Supreme Court,2015,89,238
ky,S,Kentucky Supreme Court,2016,57,301
ky,S,Kentucky Supreme Court,2017,19,438
ky,S,Kentucky Supreme Court,2018,23,142
ky,S,Kentucky Supreme Court,2019,0,150
ky,S,Kentucky Supreme Court,2020,1,228
ky,S,Kentucky Supreme Court,2021,0,209
ky,S,Kentucky Supreme Court,2022,0,168
ky,S,Kentucky Supreme Court,2023,0,188
ky,S,Kentucky Supreme Court,2024,28,151
ky,S,Kentucky Supreme Court,2025,55,86
kyctapp,SA,Court of Appeals of Kentucky,1990,102,0
kyctapp,SA,Court of Appeals of Kentucky,1991,93,0
kyctapp,SA,Court of Appeals of Kentucky,1992,127,0
kyctapp,SA,Court of Appeals of Kentucky,1993,107,0
kyctapp,SA,Court of Appeals of Kentucky,1994,84,0
kyctapp,SA,Court of Appeals of Kentucky,1995,124,0
kyctapp,SA,Court of Appeals of Kentucky,1996,100,0
kyctapp,SA,Court of Appeals of Kentucky,1997,87,0
kyctapp,SA,Court of Appeals of Kentucky,1998,100,0
kyctapp,SA,Court of Appeals of Kentucky,1999,100,0
kyctapp,SA,Court of Appeals of Kentucky,2000,98,0
kyctapp,SA,Court of Appeals of Kentucky,2001,100,0
kyctapp,SA,Court of Appeals of Kentucky,2002,64,0
kyctapp,SA,Court of Appeals of Kentucky,2003,84,0
kyctapp,SA,Court of Appeals of Kentucky,2004,140,0
kyctapp,SA,Court of Appeals of Kentucky,2005,101,0
kyctapp,SA,Court of Appeals of Kentucky,2006,136,0
kyctapp,SA,Court of Appeals of Kentucky,2007,186,0
kyctapp,SA,Court of Appeals of Kentucky,2008,148,0
kyctapp,SA,Court of Appeals of Kentucky,2009,157,0
kyctapp,SA,Court of Appeals of Kentucky,2010,166,0
kyctapp,SA,Court of Appeals of Kentucky,2011,173,0
kyctapp,SA,Court of Appeals of Kentucky,2012,169,0
kyctapp,SA,Court of Appeals of Kentucky,2013,110,0
kyctapp,SA,Court of Appeals of Kentucky,2014,113,0
kyctapp,SA,Court of Appeals of Kentucky,2015,97,0
kyctapp,SA,Court of Appeals of Kentucky,2016,115,0
kyctapp,SA,Court of Appeals of Kentucky,2017,127,0
kyctapp,SA,Court of Appeals of Kentucky,2018,139,0
kyctapp,SA,Court of Appeals of Kentucky,2019,41,0
kyctapp,SA,Court of Appeals of Kentucky,2020,0,291
kyctapp,SA,Court of Appeals of Kentucky,2021,0,734
kyctapp,SA,Court of Appeals of Kentucky,2022,0,732
kyctapp,SA,Court of Appeals of Kentucky,2023,0,754
kyctapp,SA,Court of Appeals of Kentucky,2024,32,596
kyctapp,SA,Court of Appeals of Kentucky,2025,101,551
la,S,Supreme Court of Louisiana,1990,3339,0
la,S,Supreme Court of Louisiana,1991,3295,0
la,S,Supreme Court of Louisiana,1992,3608,0
la,S,Supreme Court of Louisiana,1993,3500,0
la,S,Supreme Court of Louisiana,1994,3390,0
la,S,Supreme Court of Louisiana,1995,3384,0
la,S,Supreme Court of Louisiana,1996,4068,0
la,S,Supreme Court of Louisiana,1997,4131,0
la,S,Supreme Court of Louisiana,1998,3906,0
la,S,Supreme Court of Louisiana,1999,3780,0
la,S,Supreme Court of Louisiana,2000,3452,0
la,S,Supreme Court of Louisiana,2001,3831,0
la,S,Supreme Court of Louisiana,2002,3891,0
la,S,Supreme Court of Louisiana,2003,3733,0
la,S,Supreme Court of Louisiana,2004,3965,0
la,S,Supreme Court of Louisiana,2005,2980,0
la,S,Supreme Court of Louisiana,2006,4065,0
la,S,Supreme Court of Louisiana,2007,2974,0
la,S,Supreme Court of Louisiana,2008,3726,0
la,S,Supreme Court of Louisiana,2009,4636,0
la,S,Supreme Court of Louisiana,2010,4644,0
la,S,Supreme Court of Louisiana,2011,4062,0
la,S,Supreme Court of Louisiana,2012,3914,0
la,S,Supreme Court of Louisiana,2013,2632,0
la,S,Supreme Court of Louisiana,2014,2708,0
la,S,Supreme Court of Louisiana,2015,2571,0
la,S,Supreme Court of Louisiana,2016,2247,0
la,S,Supreme Court of Louisiana,2017,2056,0
la,S,Supreme Court of Louisiana,2018,2228,0
la,S,Supreme Court of Louisiana,2019,1859,0
la,S,Supreme Court of Louisiana,2020,8,0
la,S,Supreme Court of Louisiana,2023,11,0
la,S,Supreme Court of Louisiana,2024,45,0
la,S,Supreme Court of Louisiana,2025,49,0
lactapp,SA,Louisiana Court of Appeal,1990,1781,0
lactapp,SA,Louisiana Court of Appeal,1991,1711,0
lactapp,SA,Louisiana Court of Appeal,1992,1856,0
lactapp,SA,Louisiana Court of Appeal,1993,2050,0
lactapp,SA,Louisiana Court of Appeal,1994,1916,0
lactapp,SA,Louisiana Court of Appeal,1995,1812,0
lactapp,SA,Louisiana Court of Appeal,1996,1845,0
lactapp,SA,Louisiana Court of Appeal,1997,1778,0
lactapp,SA,Louisiana Court of Appeal,1998,1829,0
lactapp,SA,Louisiana Court of Appeal,1999,2034,0
lactapp,SA,Louisiana Court of Appeal,2000,1914,0
lactapp,SA,Louisiana Court of Appeal,2001,1928,0
lactapp,SA,Louisiana Court of Appeal,2002,1995,0
lactapp,SA,Louisiana Court of Appeal,2003,1858,284
lactapp,SA,Louisiana Court of Appeal,2004,1723,715
lactapp,SA,Louisiana Court of Appeal,2005,1548,492
lactapp,SA,Louisiana Court of Appeal,2006,1827,699
lactapp,SA,Louisiana Court of Appeal,2007,1797,595
lactapp,SA,Louisiana Court of Appeal,2008,2046,668
lactapp,SA,Louisiana Court of Appeal,2009,2130,700
lactapp,SA,Louisiana Court of Appeal,2010,2043,723
lactapp,SA,Louisiana Court of Appeal,2011,1727,696
lactapp,SA,Louisiana Court of Appeal,2012,1531,684
lactapp,SA,Louisiana Court of Appeal,2013,1469,615
lactapp,SA,Louisiana Court of Appeal,2014,1474,662
lactapp,SA,Louisiana Court of Appeal,2015,1234,494
lactapp,SA,Louisiana Court of Appeal,2016,1219,471
lactapp,SA,Louisiana Court of Appeal,2017,1023,429
lactapp,SA,Louisiana Court of Appeal,2018,1438,540
lactapp,SA,Louisiana Court of Appeal,2019,1246,1321
lactapp,SA,Louisiana Court of Appeal,2020,489,1797
lactapp,SA,Louisiana Court of Appeal,2021,441,1886
lactapp,SA,Louisiana Court of Appeal,2022,512,1701
lactapp,SA,Louisiana Court of Appeal,2023,502,1460
lactapp,SA,Louisiana Court of Appeal,2024,609,1852
lactapp,SA,Louisiana Court of Appeal,2025,611,1169
mass,S,Massachusetts Supreme Judicial Court,1990,272,0
mass,S,Massachusetts Supreme Judicial Court,1991,248,0
mass,S,Massachusetts Supreme Judicial Court,1992,268,0
mass,S,Massachusetts Supreme Judicial Court,1993,279,0
mass,S,Massachusetts Supreme Judicial Court,1994,252,0
mass,S,Massachusetts Supreme Judicial Court,1995,235,0
mass,S,Massachusetts Supreme Judicial Court,1996,271,0
mass,S,Massachusetts Supreme Judicial Court,1997,274,0
mass,S,Massachusetts Supreme Judicial Court,1998,261,0
mass,S,Massachusetts Supreme Judicial Court,1999,220,0
mass,S,Massachusetts Supreme Judicial Court,2000,220,0
mass,S,Massachusetts Supreme Judicial Court,2001,196,0
mass,S,Massachusetts Supreme Judicial Court,2002,233,0
mass,S,Massachusetts Supreme Judicial Court,2003,208,0
mass,S,Massachusetts Supreme Judicial Court,2004,221,0
mass,S,Massachusetts Supreme Judicial Court,2005,197,0
mass,S,Massachusetts Supreme Judicial Court,2006,194,0
mass,S,Massachusetts Supreme Judicial Court,2007,208,0
mass,S,Massachusetts Supreme Judicial Court,2008,220,0
mass,S,Massachusetts Supreme Judicial Court,2009,215,0
mass,S,Massachusetts Supreme Judicial Court,2010,215,0
mass,S,Massachusetts Supreme Judicial Court,2011,184,0
mass,S,Massachusetts Supreme Judicial Court,2012,199,0
mass,S,Massachusetts Supreme Judicial Court,2013,203,0
mass,S,Massachusetts Supreme Judicial Court,2014,201,0
mass,S,Massachusetts Supreme Judicial Court,2015,215,0
mass,S,Massachusetts Supreme Judicial Court,2016,194,0
mass,S,Massachusetts Supreme Judicial Court,2017,528,0
mass,S,Massachusetts Supreme Judicial Court,2018,646,0
mass,S,Massachusetts Supreme Judicial Court,2019,371,0
mass,S,Massachusetts Supreme Judicial Court,2020,78,0
mass,S,Massachusetts Supreme Judicial Court,2021,16,0
mass,S,Massachusetts Supreme Judicial Court,2023,120,0
mass,S,Massachusetts Supreme Judicial Court,2024,127,0
mass,S,Massachusetts Supreme Judicial Court,2025,135,0
massappct,SA,Massachusetts Appeals Court,1990,241,0
massappct,SA,Massachusetts Appeals Court,1991,265,0
massappct,SA,Massachusetts Appeals Court,1992,291,0
massappct,SA,Massachusetts Appeals Court,1993,263,0
massappct,SA,Massachusetts Appeals Court,1994,286,0
massappct,SA,Massachusetts Appeals Court,1995,249,0
massappct,SA,Massachusetts Appeals Court,1996,295,0
massappct,SA,Massachusetts Appeals Court,1997,261,0
massappct,SA,Massachusetts Appeals Court,1998,250,0
massappct,SA,Massachusetts Appeals Court,1999,310,0
massappct,SA,Massachusetts Appeals Court,2000,266,0
massappct,SA,Massachusetts Appeals Court,2001,296,0
massappct,SA,Massachusetts Appeals Court,2002,384,0
massappct,SA,Massachusetts Appeals Court,2003,372,0
massappct,SA,Massachusetts Appeals Court,2004,278,0
massappct,SA,Massachusetts Appeals Court,2005,263,0
massappct,SA,Massachusetts Appeals Court,2006,258,0
massappct,SA,Massachusetts Appeals Court,2007,301,0
massappct,SA,Massachusetts Appeals Court,2008,232,0
massappct,SA,Massachusetts Appeals Court,2009,250,0
massappct,SA,Massachusetts Appeals Court,2010,252,0
massappct,SA,Massachusetts Appeals Court,2011,229,0
massappct,SA,Massachusetts Appeals Court,2012,179,0
massappct,SA,Massachusetts Appeals Court,2013,149,0
massappct,SA,Massachusetts Appeals Court,2014,171,0
massappct,SA,Massachusetts Appeals Court,2015,204,0
massappct,SA,Massachusetts Appeals Court,2016,192,0
massappct,SA,Massachusetts Appeals Court,2017,473,0
massappct,SA,Massachusetts Appeals Court,2018,1138,0
massappct,SA,Massachusetts Appeals Court,2019,615,0
massappct,SA,Massachusetts Appeals Court,2020,67,0
massappct,SA,Massachusetts Appeals Court,2021,61,0
massappct,SA,Massachusetts Appeals Court,2022,111,0
massappct,SA,Massachusetts Appeals Court,2023,127,552
massappct,SA,Massachusetts Appeals Court,2024,99,755
massappct,SA,Massachusetts Appeals Court,2025,90,975
massdistctapp,SA,"Massachusetts District Court, Appellate Division",1990,112,0
massdistctapp,SA,"Massachusetts District Court, Appellate Division",1991,98,0
massdistctapp,SA,"Massachusetts District Court, Appellate Division",1992,113,0
massdistctapp,SA,"Massachusetts District Court, Appellate Division",1993,91,0
massdistctapp,SA,"Massachusetts District Court, Appellate Division",1994,114,0
massdistctapp,SA,"Massachusetts District Court, Appellate Division",1995,82,0
massdistctapp,SA,"Massachusetts District Court, Appellate Division",1996,98,0
massdistctapp,SA,"Massachusetts District Court, Appellate Division",1997,94,0
massdistctapp,SA,"Massachusetts District Court, Appellate Division",1998,117,0
massdistctapp,SA,"Massachusetts District Court, Appellate Division",1999,124,0
massdistctapp,SA,"Massachusetts District Court, Appellate Division",2000,124,0
massdistctapp,SA,"Massachusetts District Court, Appellate Division",2001,93,0
massdistctapp,SA,"Massachusetts District Court, Appellate Division",2002,91,0
massdistctapp,SA,"Massachusetts District Court, Appellate Division",2003,74,0
massdistctapp,SA,"Massachusetts District Court, Appellate Division",2004,62,0
massdistctapp,SA,"Massachusetts District Court, Appellate Division",2005,59,0
massdistctapp,SA,"Massachusetts District Court, Appellate Division",2006,72,0
massdistctapp,SA,"Massachusetts District Court, Appellate Division",2007,67,0
massdistctapp,SA,"Massachusetts District Court, Appellate Division",2008,83,0
massdistctapp,SA,"Massachusetts District Court, Appellate Division",2009,82,0
massdistctapp,SA,"Massachusetts District Court, Appellate Division",2010,83,0
massdistctapp,SA,"Massachusetts District Court, Appellate Division",2011,69,0
massdistctapp,SA,"Massachusetts District Court, Appellate Division",2012,68,0
massdistctapp,SA,"Massachusetts District Court, Appellate Division",2013,38,0
massdistctapp,SA,"Massachusetts District Court, Appellate Division",2014,63,0
massdistctapp,SA,"Massachusetts District Court, Appellate Division",2015,53,0
masssuperct,SA,Massachusetts Superior Court,1990,1,0
masssuperct,SA,Massachusetts Superior Court,1991,1,0
masssuperct,SA,Massachusetts Superior Court,1993,195,0
masssuperct,SA,Massachusetts Superior Court,1994,465,0
masssuperct,SA,Massachusetts Superior Court,1995,464,0
masssuperct,SA,Massachusetts Superior Court,1996,456,0
masssuperct,SA,Massachusetts Superior Court,1997,406,0
masssuperct,SA,Massachusetts Superior Court,1998,354,0
masssuperct,SA,Massachusetts Superior Court,1999,399,0
masssuperct,SA,Massachusetts Superior Court,2000,370,0
masssuperct,SA,Massachusetts Superior Court,2001,386,0
masssuperct,SA,Massachusetts Superior Court,2002,352,0
masssuperct,SA,Massachusetts Superior Court,2003,335,0
masssuperct,SA,Massachusetts Superior Court,2004,374,0
masssuperct,SA,Massachusetts Superior Court,2005,388,0
masssuperct,SA,Massachusetts Superior Court,2006,338,0
masssuperct,SA,Massachusetts Superior Court,2007,361,0
masssuperct,SA,Massachusetts Superior Court,2008,328,1
masssuperct,SA,Massachusetts Superior Court,2009,304,0
masssuperct,SA,Massachusetts Superior Court,2010,265,1
masssuperct,SA,Massachusetts Superior Court,2011,291,11
masssuperct,SA,Massachusetts Superior Court,2012,266,0
masssuperct,SA,Massachusetts Superior Court,2013,167,0
masssuperct,SA,Massachusetts Superior Court,2014,140,0
masssuperct,SA,Massachusetts Superior Court,2015,116,0
masssuperct,SA,Massachusetts Superior Court,2016,109,0
masssuperct,SA,Massachusetts Superior Court,2017,5,0
masssuperct,SA,Massachusetts Superior Court,2018,4,0
masssuperct,SA,Massachusetts Superior Court,2019,18,0
masssuperct,SA,Massachusetts Superior Court,2020,32,0
masssuperct,SA,Massachusetts Superior Court,2021,24,0
masssuperct,SA,Massachusetts Superior Court,2022,22,0
masssuperct,SA,Massachusetts Superior Court,2023,26,0
masssuperct,SA,Massachusetts Superior Court,2024,45,0
masssuperct,SA,Massachusetts Superior Court,2025,87,0
md,S,Court of Appeals of Maryland,1990,216,0
md,S,Court of Appeals of Maryland,1991,209,0
md,S,Court of Appeals of Maryland,1992,186,1
md,S,Court of Appeals of Maryland,1993,223,0
md,S,Court of Appeals of Maryland,1994,182,0
md,S,Court of Appeals of Maryland,1995,189,0
md,S,Court of Appeals of Maryland,1996,164,0
md,S,Court of Appeals of Maryland,1997,224,0
md,S,Court of Appeals of Maryland,1998,202,0
md,S,Court of Appeals of Maryland,1999,210,0
md,S,Court of Appeals of Maryland,2000,173,0
md,S,Court of Appeals of Maryland,2001,591,1
md,S,Court of Appeals of Maryland,2002,196,0
md,S,Court of Appeals of Maryland,2003,231,0
md,S,Court of Appeals of Maryland,2004,243,0
md,S,Court of Appeals of Maryland,2005,279,0
md,S,Court of Appeals of Maryland,2006,309,0
md,S,Court of Appeals of Maryland,2007,360,0
md,S,Court of Appeals of Maryland,2008,659,0
md,S,Court of Appeals of Maryland,2009,764,0
md,S,Court of Appeals of Maryland,2010,672,0
md,S,Court of Appeals of Maryland,2011,698,0
md,S,Court of Appeals of Maryland,2012,414,0
md,S,Court of Appeals of Maryland,2013,234,0
md,S,Court of Appeals of Maryland,2014,290,0
md,S,Court of Appeals of Maryland,2015,243,0
md,S,Court of Appeals of Maryland,2016,1111,0
md,S,Court of Appeals of Maryland,2017,1460,0
md,S,Court of Appeals of Maryland,2018,757,0
md,S,Court of Appeals of Maryland,2019,502,0
md,S,Court of Appeals of Maryland,2020,143,0
md,S,Court of Appeals of Maryland,2021,158,0
md,S,Court of Appeals of Maryland,2022,184,0
md,S,Court of Appeals of Maryland,2023,123,0
md,S,Court of Appeals of Maryland,2024,123,0
md,S,Court of Appeals of Maryland,2025,103,0
mdctspecapp,SA,Court of Special Appeals of Maryland,1990,194,0
mdctspecapp,SA,Court of Special Appeals of Maryland,1991,235,0
mdctspecapp,SA,Court of Special Appeals of Maryland,1992,198,0
mdctspecapp,SA,Court of Special Appeals of Maryland,1993,176,0
mdctspecapp,SA,Court of Special Appeals of Maryland,1994,177,0
mdctspecapp,SA,Court of Special Appeals of Maryland,1995,193,0
mdctspecapp,SA,Court of Special Appeals of Maryland,1996,180,0
mdctspecapp,SA,Court of Special Appeals of Maryland,1997,188,0
mdctspecapp,SA,Court of Special Appeals of Maryland,1998,199,0
mdctspecapp,SA,Court of Special Appeals of Maryland,1999,175,0
mdctspecapp,SA,Court of Special Appeals of Maryland,2000,207,0
mdctspecapp,SA,Court of Special Appeals of Maryland,2001,191,0
mdctspecapp,SA,Court of Special Appeals of Maryland,2002,209,0
mdctspecapp,SA,Court of Special Appeals of Maryland,2003,153,0
mdctspecapp,SA,Court of Special Appeals of Maryland,2004,168,0
mdctspecapp,SA,Court of Special Appeals of Maryland,2005,171,0
mdctspecapp,SA,Court of Special Appeals of Maryland,2006,160,0
mdctspecapp,SA,Court of Special Appeals of Maryland,2007,152,0
mdctspecapp,SA,Court of Special Appeals of Maryland,2008,167,0
mdctspecapp,SA,Court of Special Appeals of Maryland,2009,162,0
mdctspecapp,SA,Court of Special Appeals of Maryland,2010,193,0
mdctspecapp,SA,Court of Special Appeals of Maryland,2011,170,0
mdctspecapp,SA,Court of Special Appeals of Maryland,2012,156,0
mdctspecapp,SA,Court of Special Appeals of Maryland,2013,167,0
mdctspecapp,SA,Court of Special Appeals of Maryland,2014,170,0
mdctspecapp,SA,Court of Special Appeals of Maryland,2015,167,0
mdctspecapp,SA,Court of Special Appeals of Maryland,2016,164,0
mdctspecapp,SA,Court of Special Appeals of Maryland,2017,130,0
mdctspecapp,SA,Court of Special Appeals of Maryland,2018,138,0
mdctspecapp,SA,Court of Special Appeals of Maryland,2019,151,0
mdctspecapp,SA,Court of Special Appeals of Maryland,2020,114,0
mdctspecapp,SA,Court of Special Appeals of Maryland,2021,120,0
mdctspecapp,SA,Court of Special Appeals of Maryland,2022,106,0
mdctspecapp,SA,Court of Special Appeals of Maryland,2023,89,0
mdctspecapp,SA,Court of Special Appeals of Maryland,2024,122,0
mdctspecapp,SA,Court of Special Appeals of Maryland,2025,86,0
me,S,Supreme Judicial Court of Maine,1990,282,0
me,S,Supreme Judicial Court of Maine,1991,292,0
me,S,Supreme Judicial Court of Maine,1992,271,0
me,S,Supreme Judicial Court of Maine,1993,254,0
me,S,Supreme Judicial Court of Maine,1994,257,0
me,S,Supreme Judicial Court of Maine,1995,290,0
me,S,Supreme Judicial Court of Maine,1996,265,0
me,S,Supreme Judicial Court of Maine,1997,236,0
me,S,Supreme Judicial Court of Maine,1998,280,0
me,S,Supreme Judicial Court of Maine,1999,198,0
me,S,Supreme Judicial Court of Maine,2000,216,0
me,S,Supreme Judicial Court of Maine,2001,183,0
me,S,Supreme Judicial Court of Maine,2002,178,0
me,S,Supreme Judicial Court of Maine,2003,160,0
me,S,Supreme Judicial Court of Maine,2004,160,0
me,S,Supreme Judicial Court of Maine,2005,128,0
me,S,Supreme Judicial Court of Maine,2006,143,0
me,S,Supreme Judicial Court of Maine,2007,157,0
me,S,Supreme Judicial Court of Maine,2008,196,0
me,S,Supreme Judicial Court of Maine,2009,139,0
me,S,Supreme Judicial Court of Maine,2010,142,0
me,S,Supreme Judicial Court of Maine,2011,136,0
me,S,Supreme Judicial Court of Maine,2012,139,0
me,S,Supreme Judicial Court of Maine,2013,114,0
me,S,Supreme Judicial Court of Maine,2014,165,0
me,S,Supreme Judicial Court of Maine,2015,169,0
me,S,Supreme Judicial Court of Maine,2016,219,0
me,S,Supreme Judicial Court of Maine,2017,544,0
me,S,Supreme Judicial Court of Maine,2018,289,0
me,S,Supreme Judicial Court of Maine,2019,260,0
me,S,Supreme Judicial Court of Maine,2020,174,0
me,S,Supreme Judicial Court of Maine,2021,70,0
me,S,Supreme Judicial Court of Maine,2022,69,0
me,S,Supreme Judicial Court of Maine,2023,78,0
me,S,Supreme Judicial Court of Maine,2024,87,0
me,S,Supreme Judicial Court of Maine,2025,100,0
mich,S,Michigan Supreme Court,1990,66,0
mich,S,Michigan Supreme Court,1991,291,0
mich,S,Michigan Supreme Court,1992,84,0
mich,S,Michigan Supreme Court,1993,90,0
mich,S,Michigan Supreme Court,1994,91,0
mich,S,Michigan Supreme Court,1995,78,0
mich,S,Michigan Supreme Court,1996,99,0
mich,S,Michigan Supreme Court,1997,74,0
mich,S,Michigan Supreme Court,1998,138,0
mich,S,Michigan Supreme Court,1999,113,0
mich,S,Michigan Supreme Court,2000,152,0
mich,S,Michigan Supreme Court,2001,151,0
mich,S,Michigan Supreme Court,2002,143,0
mich,S,Michigan Supreme Court,2003,187,0
mich,S,Michigan Supreme Court,2004,837,0
mich,S,Michigan Supreme Court,2005,2469,0
mich,S,Michigan Supreme Court,2006,3106,0
mich,S,Michigan Supreme Court,2007,3303,0
mich,S,Michigan Supreme Court,2008,2881,0
mich,S,Michigan Supreme Court,2009,3681,0
mich,S,Michigan Supreme Court,2010,2586,0
mich,S,Michigan Supreme Court,2011,2441,0
mich,S,Michigan Supreme Court,2012,2395,0
mich,S,Michigan Supreme Court,2013,2311,0
mich,S,Michigan Supreme Court,2014,2248,0
mich,S,Michigan Supreme Court,2015,1899,0
mich,S,Michigan Supreme Court,2016,1990,0
mich,S,Michigan Supreme Court,2017,1701,0
mich,S,Michigan Supreme Court,2018,3131,0
mich,S,Michigan Supreme Court,2019,2757,0
mich,S,Michigan Supreme Court,2020,1260,0
mich,S,Michigan Supreme Court,2021,876,0
mich,S,Michigan Supreme Court,2022,117,0
mich,S,Michigan Supreme Court,2023,38,0
mich,S,Michigan Supreme Court,2024,54,0
mich,S,Michigan Supreme Court,2025,32,0
michctapp,SA,Michigan Court of Appeals,1990,454,0
michctapp,SA,Michigan Court of Appeals,1991,532,0
michctapp,SA,Michigan Court of Appeals,1992,483,0
michctapp,SA,Michigan Court of Appeals,1993,501,0
michctapp,SA,Michigan Court of Appeals,1994,493,0
michctapp,SA,Michigan Court of Appeals,1995,527,0
michctapp,SA,Michigan Court of Appeals,1996,355,0
michctapp,SA,Michigan Court of Appeals,1997,429,0
michctapp,SA,Michigan Court of Appeals,1998,381,0
michctapp,SA,Michigan Court of Appeals,1999,334,0
michctapp,SA,Michigan Court of Appeals,2000,308,0
michctapp,SA,Michigan Court of Appeals,2001,256,0
michctapp,SA,Michigan Court of Appeals,2002,279,0
michctapp,SA,Michigan Court of Appeals,2003,293,0
michctapp,SA,Michigan Court of Appeals,2004,342,0
michctapp,SA,Michigan Court of Appeals,2005,227,0
michctapp,SA,Michigan Court of Appeals,2006,226,0
michctapp,SA,Michigan Court of Appeals,2007,255,0
michctapp,SA,Michigan Court of Appeals,2008,219,0
michctapp,SA,Michigan Court of Appeals,2009,208,0
michctapp,SA,Michigan Court of Appeals,2010,197,0
michctapp,SA,Michigan Court of Appeals,2011,177,0
michctapp,SA,Michigan Court of Appeals,2012,186,0
michctapp,SA,Michigan Court of Appeals,2013,176,0
michctapp,SA,Michigan Court of Appeals,2014,236,409
michctapp,SA,Michigan Court of Appeals,2015,273,1678
michctapp,SA,Michigan Court of Appeals,2016,305,1662
michctapp,SA,Michigan Court of Appeals,2017,317,2878
michctapp,SA,Michigan Court of Appeals,2018,397,2620
michctapp,SA,Michigan Court of Appeals,2019,213,1737
michctapp,SA,Michigan Court of Appeals,2020,220,1197
michctapp,SA,Michigan Court of Appeals,2021,170,880
michctapp,SA,Michigan Court of Appeals,2022,173,1644
michctapp,SA,Michigan Court of Appeals,2023,126,1679
michctapp,SA,Michigan Court of Appeals,2024,139,1569
michctapp,SA,Michigan Court of Appeals,2025,131,1553
minn,S,Supreme Court of Minnesota,1990,222,0
minn,S,Supreme Court of Minnesota,1991,139,0
minn,S,Supreme Court of Minnesota,1992,200,0
minn,S,Supreme Court of Minnesota,1993,187,0
minn,S,Supreme Court of Minnesota,1994,183,0
minn,S,Supreme Court of Minnesota,1995,225,0
minn,S,Supreme Court of Minnesota,1996,201,0
minn,S,Supreme Court of Minnesota,1997,191,0
minn,S,Supreme Court of Minnesota,1998,241,0
minn,S,Supreme Court of Minnesota,1999,176,0
minn,S,Supreme Court of Minnesota,2000,178,0
minn,S,Supreme Court of Minnesota,2001,171,0
minn,S,Supreme Court of Minnesota,2002,212,0
minn,S,Supreme Court of Minnesota,2003,181,0
minn,S,Supreme Court of Minnesota,2004,156,0
minn,S,Supreme Court of Minnesota,2005,180,0
minn,S,Supreme Court of Minnesota,2006,213,0
minn,S,Supreme Court of Minnesota,2007,179,0
minn,S,Supreme Court of Minnesota,2008,161,0
minn,S,Supreme Court of Minnesota,2009,166,0
minn,S,Supreme Court of Minnesota,2010,155,0
minn,S,Supreme Court of Minnesota,2011,148,0
minn,S,Supreme Court of Minnesota,2012,155,0
minn,S,Supreme Court of Minnesota,2013,179,0
minn,S,Supreme Court of Minnesota,2014,134,0
minn,S,Supreme Court of Minnesota,2015,189,0
minn,S,Supreme Court of Minnesota,2016,219,0
minn,S,Supreme Court of Minnesota,2017,144,0
minn,S,Supreme Court of Minnesota,2018,133,0
minn,S,Supreme Court of Minnesota,2019,111,0
minn,S,Supreme Court of Minnesota,2023,15,0
minn,S,Supreme Court of Minnesota,2024,80,0
minn,S,Supreme Court of Minnesota,2025,89,0
minnctapp,SA,Court of Appeals of Minnesota,1990,385,0
minnctapp,SA,Court of Appeals of Minnesota,1991,395,0
minnctapp,SA,Court of Appeals of Minnesota,1992,394,0
minnctapp,SA,Court of Appeals of Minnesota,1993,377,0
minnctapp,SA,Court of Appeals of Minnesota,1994,339,0
minnctapp,SA,Court of Appeals of Minnesota,1995,353,0
minnctapp,SA,Court of Appeals of Minnesota,1996,299,0
minnctapp,SA,Court of Appeals of Minnesota,1997,278,0
minnctapp,SA,Court of Appeals of Minnesota,1998,216,0
minnctapp,SA,Court of Appeals of Minnesota,1999,260,0
minnctapp,SA,Court of Appeals of Minnesota,2000,284,0
minnctapp,SA,Court of Appeals of Minnesota,2001,284,0
minnctapp,SA,Court of Appeals of Minnesota,2002,232,0
minnctapp,SA,Court of Appeals of Minnesota,2003,279,0
minnctapp,SA,Court of Appeals of Minnesota,2004,236,0
minnctapp,SA,Court of Appeals of Minnesota,2005,190,0
minnctapp,SA,Court of Appeals of Minnesota,2006,162,0
minnctapp,SA,Court of Appeals of Minnesota,2007,174,0
minnctapp,SA,Court of Appeals of Minnesota,2008,149,0
minnctapp,SA,Court of Appeals of Minnesota,2009,210,0
minnctapp,SA,Court of Appeals of Minnesota,2010,188,0
minnctapp,SA,Court of Appeals of Minnesota,2011,144,0
minnctapp,SA,Court of Appeals of Minnesota,2012,144,0
minnctapp,SA,Court of Appeals of Minnesota,2013,113,0
minnctapp,SA,Court of Appeals of Minnesota,2014,113,639
minnctapp,SA,Court of Appeals of Minnesota,2015,103,1165
minnctapp,SA,Court of Appeals of Minnesota,2016,92,1138
minnctapp,SA,Court of Appeals of Minnesota,2017,127,187
minnctapp,SA,Court of Appeals of Minnesota,2018,70,0
minnctapp,SA,Court of Appeals of Minnesota,2019,60,0
minnctapp,SA,Court of Appeals of Minnesota,2023,19,69
minnctapp,SA,Court of Appeals of Minnesota,2024,260,168
minnctapp,SA,Court of Appeals of Minnesota,2025,50,89
miss,S,Mississippi Supreme Court,1990,820,0
miss,S,Mississippi Supreme Court,1991,823,1
miss,S,Mississippi Supreme Court,1992,896,0
miss,S,Mississippi Supreme Court,1993,1007,0
miss,S,Mississippi Supreme Court,1994,1059,0
miss,S,Mississippi Supreme Court,1995,1250,0
miss,S,Mississippi Supreme Court,1996,955,0
miss,S,Mississippi Supreme Court,1997,994,0
miss,S,Mississippi Supreme Court,1998,910,0
miss,S,Mississippi Supreme Court,1999,843,0
miss,S,Mississippi Supreme Court,2000,683,0
miss,S,Mississippi Supreme Court,2001,546,0
miss,S,Mississippi Supreme Court,2002,495,0
miss,S,Mississippi Supreme Court,2003,461,0
miss,S,Mississippi Supreme Court,2004,467,0
miss,S,Mississippi Supreme Court,2005,411,0
miss,S,Mississippi Supreme Court,2006,432,0
miss,S,Mississippi Supreme Court,2007,434,0
miss,S,Mississippi Supreme Court,2008,519,0
miss,S,Mississippi Supreme Court,2009,409,0
miss,S,Mississippi Supreme Court,2010,412,0
miss,S,Mississippi Supreme Court,2011,318,0
miss,S,Mississippi Supreme Court,2012,301,0
miss,S,Mississippi Supreme Court,2013,195,0
miss,S,Mississippi Supreme Court,2014,201,0
miss,S,Mississippi Supreme Court,2015,201,0
miss,S,Mississippi Supreme Court,2016,327,0
miss,S,Mississippi Supreme Court,2017,337,0
miss,S,Mississippi Supreme Court,2018,335,0
miss,S,Mississippi Supreme Court,2019,157,0
miss,S,Mississippi Supreme Court,2020,110,0
miss,S,Mississippi Supreme Court,2021,120,0
miss,S,Mississippi Supreme Court,2022,113,0
miss,S,Mississippi Supreme Court,2023,117,0
miss,S,Mississippi Supreme Court,2024,114,0
miss,S,Mississippi Supreme Court,2025,77,0
missctapp,SA,Court of Appeals of Mississippi,1994,6,0
missctapp,SA,Court of Appeals of Mississippi,1995,573,0
missctapp,SA,Court of Appeals of Mississippi,1996,261,0
missctapp,SA,Court of Appeals of Mississippi,1997,4,0
missctapp,SA,Court of Appeals of Mississippi,1998,212,0
missctapp,SA,Court of Appeals of Mississippi,1999,548,0
missctapp,SA,Court of Appeals of Mississippi,2000,543,0
missctapp,SA,Court of Appeals of Mississippi,2001,520,0
missctapp,SA,Court of Appeals of Mississippi,2002,590,0
missctapp,SA,Court of Appeals of Mississippi,2003,552,0
missctapp,SA,Court of Appeals of Mississippi,2004,594,0
missctapp,SA,Court of Appeals of Mississippi,2005,663,0
missctapp,SA,Court of Appeals of Mississippi,2006,633,0
missctapp,SA,Court of Appeals of Mississippi,2007,593,0
missctapp,SA,Court of Appeals of Mississippi,2008,537,0
missctapp,SA,Court of Appeals of Mississippi,2009,573,0
missctapp,SA,Court of Appeals of Mississippi,2010,464,0
missctapp,SA,Court of Appeals of Mississippi,2011,551,0
missctapp,SA,Court of Appeals of Mississippi,2012,489,0
missctapp,SA,Court of Appeals of Mississippi,2013,581,0
missctapp,SA,Court of Appeals of Mississippi,2014,470,0
missctapp,SA,Court of Appeals of Mississippi,2015,439,0
missctapp,SA,Court of Appeals of Mississippi,2016,502,0
missctapp,SA,Court of Appeals of Mississippi,2017,466,0
missctapp,SA,Court of Appeals of Mississippi,2018,425,0
missctapp,SA,Court of Appeals of Mississippi,2019,394,0
missctapp,SA,Court of Appeals of Mississippi,2020,357,0
missctapp,SA,Court of Appeals of Mississippi,2021,294,0
missctapp,SA,Court of Appeals of Mississippi,2022,286,0
missctapp,SA,Court of Appeals of Mississippi,2023,313,0
missctapp,SA,Court of Appeals of Mississippi,2024,338,0
missctapp,SA,Court of Appeals of Mississippi,2025,216,6
mo,S,Supreme Court of Missouri,1990,128,0
mo,S,Supreme Court of Missouri,1991,106,0
mo,S,Supreme Court of Missouri,1992,108,0
mo,S,Supreme Court of Missouri,1993,121,0
mo,S,Supreme Court of Missouri,1994,85,0
mo,S,Supreme Court of Missouri,1995,107,0
mo,S,Supreme Court of Missouri,1996,90,0
mo,S,Supreme Court of Missouri,1997,117,0
mo,S,Supreme Court of Missouri,1998,95,0
mo,S,Supreme Court of Missouri,1999,77,0
mo,S,Supreme Court of Missouri,2000,78,0
mo,S,Supreme Court of Missouri,2001,96,0
mo,S,Supreme Court of Missouri,2002,104,0
mo,S,Supreme Court of Missouri,2003,101,0
mo,S,Supreme Court of Missouri,2004,91,0
mo,S,Supreme Court of Missouri,2005,80,0
mo,S,Supreme Court of Missouri,2006,85,0
mo,S,Supreme Court of Missouri,2007,108,0
mo,S,Supreme Court of Missouri,2008,96,0
mo,S,Supreme Court of Missouri,2009,83,0
mo,S,Supreme Court of Missouri,2010,75,0
mo,S,Supreme Court of Missouri,2011,72,0
mo,S,Supreme Court of Missouri,2012,83,0
mo,S,Supreme Court of Missouri,2013,76,0
mo,S,Supreme Court of Missouri,2014,107,0
mo,S,Supreme Court of Missouri,2015,92,0
mo,S,Supreme Court of Missouri,2016,72,0
mo,S,Supreme Court of Missouri,2017,83,0
mo,S,Supreme Court of Missouri,2018,53,0
mo,S,Supreme Court of Missouri,2019,76,0
mo,S,Supreme Court of Missouri,2020,59,0
mo,S,Supreme Court of Missouri,2021,50,0
mo,S,Supreme Court of Missouri,2022,50,0
mo,S,Supreme Court of Missouri,2023,56,0
mo,S,Supreme Court of Missouri,2024,47,0
mo,S,Supreme Court of Missouri,2025,33,0
moctapp,SA,Missouri Court of Appeals,1990,1694,0
moctapp,SA,Missouri Court of Appeals,1991,1635,0
moctapp,SA,Missouri Court of Appeals,1992,1608,0
moctapp,SA,Missouri Court of Appeals,1993,1936,0
moctapp,SA,Missouri Court of Appeals,1994,1884,0
moctapp,SA,Missouri Court of Appeals,1995,1962,0
moctapp,SA,Missouri Court of Appeals,1996,2025,0
moctapp,SA,Missouri Court of Appeals,1997,2058,0
moctapp,SA,Missouri Court of Appeals,1998,1968,0
moctapp,SA,Missouri Court of Appeals,1999,1526,0
moctapp,SA,Missouri Court of Appeals,2000,1546,0
moctapp,SA,Missouri Court of Appeals,2001,1655,0
moctapp,SA,Missouri Court of Appeals,2002,1711,0
moctapp,SA,Missouri Court of Appeals,2003,1736,0
moctapp,SA,Missouri Court of Appeals,2004,1681,0
moctapp,SA,Missouri Court of Appeals,2005,1798,0
moctapp,SA,Missouri Court of Appeals,2006,1712,0
moctapp,SA,Missouri Court of Appeals,2007,1690,0
moctapp,SA,Missouri Court of Appeals,2008,1725,0
moctapp,SA,Missouri Court of Appeals,2009,1628,0
moctapp,SA,Missouri Court of Appeals,2010,1745,0
moctapp,SA,Missouri Court of Appeals,2011,1734,0
moctapp,SA,Missouri Court of Appeals,2012,1595,0
moctapp,SA,Missouri Court of Appeals,2013,1453,0
moctapp,SA,Missouri Court of Appeals,2014,1847,0
moctapp,SA,Missouri Court of Appeals,2015,1590,0
moctapp,SA,Missouri Court of Appeals,2016,1489,0
moctapp,SA,Missouri Court of Appeals,2017,1203,0
moctapp,SA,Missouri Court of Appeals,2018,1258,0
moctapp,SA,Missouri Court of Appeals,2019,996,0
moctapp,SA,Missouri Court of Appeals,2020,520,0
moctapp,SA,Missouri Court of Appeals,2021,520,0
moctapp,SA,Missouri Court of Appeals,2022,458,0
moctapp,SA,Missouri Court of Appeals,2023,612,0
moctapp,SA,Missouri Court of Appeals,2024,614,0
moctapp,SA,Missouri Court of Appeals,2025,442,9
mont,S,Montana Supreme Court,1990,491,1
mont,S,Montana Supreme Court,1991,349,0
mont,S,Montana Supreme Court,1992,479,0
mont,S,Montana Supreme Court,1993,586,0
mont,S,Montana Supreme Court,1994,484,0
mont,S,Montana Supreme Court,1995,511,0
mont,S,Montana Supreme Court,1996,509,0
mont,S,Montana Supreme Court,1997,519,0
mont,S,Montana Supreme Court,1998,460,0
mont,S,Montana Supreme Court,1999,470,1
mont,S,Montana Supreme Court,2000,533,0
mont,S,Montana Supreme Court,2001,465,1
mont,S,Montana Supreme Court,2002,470,0
mont,S,Montana Supreme Court,2003,496,1
mont,S,Montana Supreme Court,2004,589,1
mont,S,Montana Supreme Court,2005,560,2
mont,S,Montana Supreme Court,2006,543,2
mont,S,Montana Supreme Court,2007,567,2
mont,S,Montana Supreme Court,2008,586,0
mont,S,Montana Supreme Court,2009,768,0
mont,S,Montana Supreme Court,2010,633,0
mont,S,Montana Supreme Court,2011,441,0
mont,S,Montana Supreme Court,2012,345,0
mont,S,Montana Supreme Court,2013,536,1
mont,S,Montana Supreme Court,2014,543,0
mont,S,Montana Supreme Court,2015,399,1
mont,S,Montana Supreme Court,2016,726,3
mont,S,Montana Supreme Court,2017,578,5
mont,S,Montana Supreme Court,2018,438,3
mont,S,Montana Supreme Court,2019,194,8
mont,S,Montana Supreme Court,2020,121,3493
mont,S,Montana Supreme Court,2021,105,3493
mont,S,Montana Supreme Court,2022,94,3758
mont,S,Montana Supreme Court,2023,86,3991
mont,S,Montana Supreme Court,2024,102,4278
mont,S,Montana Supreme Court,2025,182,514
nc,S,Supreme Court of North Carolina,1990,584,0
nc,S,Supreme Court of North Carolina,1991,638,0
nc,S,Supreme Court of North Carolina,1992,498,0
nc,S,Supreme Court of North Carolina,1993,533,0
nc,S,Supreme Court of North Carolina,1994,683,1
nc,S,Supreme Court of North Carolina,1995,592,0
nc,S,Supreme Court of North Carolina,1996,629,0
nc,S,Supreme Court of North Carolina,1997,706,0
nc,S,Supreme Court of North Carolina,1998,648,0
nc,S,Supreme Court of North Carolina,1999,626,0
nc,S,Supreme Court of North Carolina,2000,613,0
nc,S,Supreme Court of North Carolina,2001,647,0
nc,S,Supreme Court of North Carolina,2002,707,0
nc,S,Supreme Court of North Carolina,2003,771,0
nc,S,Supreme Court of North Carolina,2004,923,0
nc,S,Supreme Court of North Carolina,2005,1683,0
nc,S,Supreme Court of North Carolina,2006,1731,0
nc,S,Supreme Court of North Carolina,2007,1948,0
nc,S,Supreme Court of North Carolina,2008,1690,0
nc,S,Supreme Court of North Carolina,2009,1003,0
nc,S,Supreme Court of North Carolina,2010,945,0
nc,S,Supreme Court of North Carolina,2011,992,0
nc,S,Supreme Court of North Carolina,2012,1008,0
nc,S,Supreme Court of North Carolina,2013,946,0
nc,S,Supreme Court of North Carolina,2014,764,0
nc,S,Supreme Court of North Carolina,2015,1501,0
nc,S,Supreme Court of North Carolina,2016,1904,0
nc,S,Supreme Court of North Carolina,2017,1340,0
nc,S,Supreme Court of North Carolina,2018,1143,0
nc,S,Supreme Court of North Carolina,2019,860,0
nc,S,Supreme Court of North Carolina,2020,302,0
nc,S,Supreme Court of North Carolina,2021,335,0
nc,S,Supreme Court of North Carolina,2022,321,0
nc,S,Supreme Court of North Carolina,2023,55,0
nc,S,Supreme Court of North Carolina,2024,70,0
nc,S,Supreme Court of North Carolina,2025,79,0
ncctapp,SA,Court of Appeals of North Carolina,1990,487,0
ncctapp,SA,Court of Appeals of North Carolina,1991,463,0
ncctapp,SA,Court of Appeals of North Carolina,1992,372,0
ncctapp,SA,Court of Appeals of North Carolina,1993,548,0
ncctapp,SA,Court of Appeals of North Carolina,1994,500,0
ncctapp,SA,Court of Appeals of North Carolina,1995,421,0
ncctapp,SA,Court of Appeals of North Carolina,1996,445,0
ncctapp,SA,Court of Appeals of North Carolina,1997,384,0
ncctapp,SA,Court of Appeals of North Carolina,1998,413,0
ncctapp,SA,Court of Appeals of North Carolina,1999,442,0
ncctapp,SA,Court of Appeals of North Carolina,2000,521,0
ncctapp,SA,Court of Appeals of North Carolina,2001,557,0
ncctapp,SA,Court of Appeals of North Carolina,2002,724,0
ncctapp,SA,Court of Appeals of North Carolina,2003,543,0
ncctapp,SA,Court of Appeals of North Carolina,2004,1071,0
ncctapp,SA,Court of Appeals of North Carolina,2005,1619,0
ncctapp,SA,Court of Appeals of North Carolina,2006,1605,0
ncctapp,SA,Court of Appeals of North Carolina,2007,1935,0
ncctapp,SA,Court of Appeals of North Carolina,2008,1963,0
ncctapp,SA,Court of Appeals of North Carolina,2009,1462,0
ncctapp,SA,Court of Appeals of North Carolina,2010,1421,0
ncctapp,SA,Court of Appeals of North Carolina,2011,1544,0
ncctapp,SA,Court of Appeals of North Carolina,2012,911,0
ncctapp,SA,Court of Appeals of North Carolina,2013,532,0
ncctapp,SA,Court of Appeals of North Carolina,2014,376,771
ncctapp,SA,Court of Appeals of North Carolina,2015,632,196
ncctapp,SA,Court of Appeals of North Carolina,2016,1360,0
ncctapp,SA,Court of Appeals of North Carolina,2017,1099,0
ncctapp,SA,Court of Appeals of North Carolina,2018,1291,0
ncctapp,SA,Court of Appeals of North Carolina,2019,797,0
ncctapp,SA,Court of Appeals of North Carolina,2020,661,0
ncctapp,SA,Court of Appeals of North Carolina,2021,537,0
ncctapp,SA,Court of Appeals of North Carolina,2022,683,0
ncctapp,SA,Court of Appeals of North Carolina,2023,263,0
ncctapp,SA,Court of Appeals of North Carolina,2024,355,0
ncctapp,SA,Court of Appeals of North Carolina,2025,293,399
nd,S,North Dakota Supreme Court,1990,252,0
nd,S,North Dakota Supreme Court,1991,229,0
nd,S,North Dakota Supreme Court,1992,243,0
nd,S,North Dakota Supreme Court,1993,216,0
nd,S,North Dakota Supreme Court,1994,261,0
nd,S,North Dakota Supreme Court,1995,229,0
nd,S,North Dakota Supreme Court,1996,271,0
nd,S,North Dakota Supreme Court,1997,272,0
nd,S,North Dakota Supreme Court,1998,247,0
nd,S,North Dakota Supreme Court,1999,300,0
nd,S,North Dakota Supreme Court,2000,262,0
nd,S,North Dakota Supreme Court,2001,257,0
nd,S,North Dakota Supreme Court,2002,244,0
nd,S,North Dakota Supreme Court,2003,238,0
nd,S,North Dakota Supreme Court,2004,253,0
nd,S,North Dakota Supreme Court,2005,254,0
nd,S,North Dakota Supreme Court,2006,297,0
nd,S,North Dakota Supreme Court,2007,219,0
nd,S,North Dakota Supreme Court,2008,269,0
nd,S,North Dakota Supreme Court,2009,243,0
nd,S,North Dakota Supreme Court,2010,333,0
nd,S,North Dakota Supreme Court,2011,386,0
nd,S,North Dakota Supreme Court,2012,403,0
nd,S,North Dakota Supreme Court,2013,304,0
nd,S,North Dakota Supreme Court,2014,250,0
nd,S,North Dakota Supreme Court,2015,319,0
nd,S,North Dakota Supreme Court,2016,268,0
nd,S,North Dakota Supreme Court,2017,304,0
nd,S,North Dakota Supreme Court,2018,344,0
nd,S,North Dakota Supreme Court,2019,474,0
nd,S,North Dakota Supreme Court,2020,325,0
nd,S,North Dakota Supreme Court,2021,235,0
nd,S,North Dakota Supreme Court,2022,247,0
nd,S,North Dakota Supreme Court,2023,312,0
nd,S,North Dakota Supreme Court,2024,299,0
nd,S,North Dakota Supreme Court,2025,228,0
ndctapp,SA,North Dakota Court of Appeals,1990,4,0
ndctapp,SA,North Dakota Court of Appeals,1991,4,0
ndctapp,SA,North Dakota Court of Appeals,1992,7,0
ndctapp,SA,North Dakota Court of Appeals,1993,6,0
ndctapp,SA,North Dakota Court of Appeals,1994,6,0
ndctapp,SA,North Dakota Court of Appeals,1998,19,0
ndctapp,SA,North Dakota Court of Appeals,1999,3,0
ndctapp,SA,North Dakota Court of Appeals,2000,1,0
ndctapp,SA,North Dakota Court of Appeals,2001,2,0
ndctapp,SA,North Dakota Court of Appeals,2005,10,0
ndctapp,SA,North Dakota Court of Appeals,2007,4,0
neb,S,Nebraska Supreme Court,1990,356,0
neb,S,Nebraska Supreme Court,1991,369,0
neb,S,Nebraska Supreme Court,1992,317,0
neb,S,Nebraska Supreme Court,1993,286,0
neb,S,Nebraska Supreme Court,1994,272,0
neb,S,Nebraska Supreme Court,1995,251,0
neb,S,Nebraska Supreme Court,1996,245,0
neb,S,Nebraska Supreme Court,1997,265,0
neb,S,Nebraska Supreme Court,1998,237,0
neb,S,Nebraska Supreme Court,1999,232,0
neb,S,Nebraska Supreme Court,2000,257,0
neb,S,Nebraska Supreme Court,2001,196,0
neb,S,Nebraska Supreme Court,2002,224,0
neb,S,Nebraska Supreme Court,2003,190,0
neb,S,Nebraska Supreme Court,2004,196,0
neb,S,Nebraska Supreme Court,2005,189,0
neb,S,Nebraska Supreme Court,2006,178,0
neb,S,Nebraska Supreme Court,2007,185,0
neb,S,Nebraska Supreme Court,2008,180,0
neb,S,Nebraska Supreme Court,2009,188,0
neb,S,Nebraska Supreme Court,2010,89,0
neb,S,Nebraska Supreme Court,2013,118,0
neb,S,Nebraska Supreme Court,2014,189,0
neb,S,Nebraska Supreme Court,2015,191,0
neb,S,Nebraska Supreme Court,2016,187,0
neb,S,Nebraska Supreme Court,2017,207,0
neb,S,Nebraska Supreme Court,2018,395,0
neb,S,Nebraska Supreme Court,2019,369,0
neb,S,Nebraska Supreme Court,2020,211,0
neb,S,Nebraska Supreme Court,2021,163,0
neb,S,Nebraska Supreme Court,2022,177,0
neb,S,Nebraska Supreme Court,2023,148,0
neb,S,Nebraska Supreme Court,2024,131,0
neb,S,Nebraska Supreme Court,2025,113,0
nebctapp,SA,Nebraska Court of Appeals,1992,52,0
nebctapp,SA,Nebraska Court of Appeals,1993,130,0
nebctapp,SA,Nebraska Court of Appeals,1994,91,1
nebctapp,SA,Nebraska Court of Appeals,1995,89,0
nebctapp,SA,Nebraska Court of Appeals,1996,82,0
nebctapp,SA,Nebraska Court of Appeals,1997,101,0
nebctapp,SA,Nebraska Court of Appeals,1998,159,0
nebctapp,SA,Nebraska Court of Appeals,1999,93,0
nebctapp,SA,Nebraska Court of Appeals,2000,98,0
nebctapp,SA,Nebraska Court of Appeals,2001,86,0
nebctapp,SA,Nebraska Court of Appeals,2002,71,0
nebctapp,SA,Nebraska Court of Appeals,2003,78,0
nebctapp,SA,Nebraska Court of Appeals,2004,88,0
nebctapp,SA,Nebraska Court of Appeals,2005,96,0
nebctapp,SA,Nebraska Court of Appeals,2006,81,0
nebctapp,SA,Nebraska Court of Appeals,2007,96,0
nebctapp,SA,Nebraska Court of Appeals,2008,95,0
nebctapp,SA,Nebraska Court of Appeals,2009,87,0
nebctapp,SA,Nebraska Court of Appeals,2010,22,0
nebctapp,SA,Nebraska Court of Appeals,2013,54,116
nebctapp,SA,Nebraska Court of Appeals,2014,78,128
nebctapp,SA,Nebraska Court of Appeals,2015,65,132
nebctapp,SA,Nebraska Court of Appeals,2016,67,158
nebctapp,SA,Nebraska Court of Appeals,2017,171,83
nebctapp,SA,Nebraska Court of Appeals,2018,324,0
nebctapp,SA,Nebraska Court of Appeals,2019,340,0
nebctapp,SA,Nebraska Court of Appeals,2020,330,0
nebctapp,SA,Nebraska Court of Appeals,2021,263,0
nebctapp,SA,Nebraska Court of Appeals,2022,251,0
nebctapp,SA,Nebraska Court of Appeals,2023,303,0
nebctapp,SA,Nebraska Court of Appeals,2024,98,187
nebctapp,SA,Nebraska Court of Appeals,2025,28,273
nev,S,Nevada Supreme Court,1990,163,0
nev,S,Nevada Supreme Court,1991,165,0
nev,S,Nevada Supreme Court,1992,176,0
nev,S,Nevada Supreme Court,1993,183,0
nev,S,Nevada Supreme Court,1994,176,0
nev,S,Nevada Supreme Court,1995,187,0
nev,S,Nevada Supreme Court,1996,194,0
nev,S,Nevada Supreme Court,1997,161,0
nev,S,Nevada Supreme Court,1998,152,0
nev,S,Nevada Supreme Court,1999,65,0
nev,S,Nevada Supreme Court,2000,133,0
nev,S,Nevada Supreme Court,2001,84,0
nev,S,Nevada Supreme Court,2002,106,0
nev,S,Nevada Supreme Court,2003,74,0
nev,S,Nevada Supreme Court,2004,124,0
nev,S,Nevada Supreme Court,2005,93,0
nev,S,Nevada Supreme Court,2006,130,0
nev,S,Nevada Supreme Court,2007,1200,0
nev,S,Nevada Supreme Court,2008,916,0
nev,S,Nevada Supreme Court,2009,66,0
nev,S,Nevada Supreme Court,2010,59,0
nev,S,Nevada Supreme Court,2011,97,0
nev,S,Nevada Supreme Court,2012,77,0
nev,S,Nevada Supreme Court,2013,130,1375
nev,S,Nevada Supreme Court,2014,118,1691
nev,S,Nevada Supreme Court,2015,243,1448
nev,S,Nevada Supreme Court,2016,200,1287
nev,S,Nevada Supreme Court,2017,256,1283
nev,S,Nevada Supreme Court,2018,1423,1255
nev,S,Nevada Supreme Court,2019,1669,1296
nev,S,Nevada Supreme Court,2020,1409,0
nev,S,Nevada Supreme Court,2021,1101,0
nev,S,Nevada Supreme Court,2022,1208,0
nev,S,Nevada Supreme Court,2023,59,0
nev,S,Nevada Supreme Court,2024,89,0
nev,S,Nevada Supreme Court,2025,73,0
nevapp,SA,Court of Appeals of Nevada,2015,14,0
nevapp,SA,Court of Appeals of Nevada,2016,9,0
nevapp,SA,Court of Appeals of Nevada,2017,9,0
nevapp,SA,Court of Appeals of Nevada,2018,26,0
nevapp,SA,Court of Appeals of Nevada,2019,6,0
nevapp,SA,Court of Appeals of Nevada,2020,5,0
nevapp,SA,Court of Appeals of Nevada,2021,4,0
nevapp,SA,Court of Appeals of Nevada,2022,9,0
nevapp,SA,Court of Appeals of Nevada,2023,12,0
nevapp,SA,Court of Appeals of Nevada,2024,18,0
nevapp,SA,Court of Appeals of Nevada,2025,9,0
nh,S,Supreme Court of New Hampshire,1990,138,0
nh,S,Supreme Court of New Hampshire,1991,161,0
nh,S,Supreme Court of New Hampshire,1992,179,0
nh,S,Supreme Court of New Hampshire,1993,184,0
nh,S,Supreme Court of New Hampshire,1994,141,0
nh,S,Supreme Court of New Hampshire,1995,193,0
nh,S,Supreme Court of New Hampshire,1996,134,0
nh,S,Supreme Court of New Hampshire,1997,129,0
nh,S,Supreme Court of New Hampshire,1998,102,0
nh,S,Supreme Court of New Hampshire,1999,158,0
nh,S,Supreme Court of New Hampshire,2000,124,0
nh,S,Supreme Court of New Hampshire,2001,222,0
nh,S,Supreme Court of New Hampshire,2002,180,0
nh,S,Supreme Court of New Hampshire,2003,184,0
nh,S,Supreme Court of New Hampshire,2004,147,0
nh,S,Supreme Court of New Hampshire,2005,146,0
nh,S,Supreme Court of New Hampshire,2006,161,0
nh,S,Supreme Court of New Hampshire,2007,205,0
nh,S,Supreme Court of New Hampshire,2008,147,0
nh,S,Supreme Court of New Hampshire,2009,148,0
nh,S,Supreme Court of New Hampshire,2010,163,0
nh,S,Supreme Court of New Hampshire,2011,153,0
nh,S,Supreme Court of New Hampshire,2012,133,0
nh,S,Supreme Court of New Hampshire,2013,92,0
nh,S,Supreme Court of New Hampshire,2014,114,0
nh,S,Supreme Court of New Hampshire,2015,100,225
nh,S,Supreme Court of New Hampshire,2016,89,190
nh,S,Supreme Court of New Hampshire,2017,84,163
nh,S,Supreme Court of New Hampshire,2018,95,135
nh,S,Supreme Court of New Hampshire,2019,86,149
nh,S,Supreme Court of New Hampshire,2020,74,149
nh,S,Supreme Court of New Hampshire,2021,75,116
nh,S,Supreme Court of New Hampshire,2022,74,125
nh,S,Supreme Court of New Hampshire,2023,99,137
nh,S,Supreme Court of New Hampshire,2024,71,204
nh,S,Supreme Court of New Hampshire,2025,46,81
nj,S,Supreme Court of New Jersey,1990,1303,0
nj,S,Supreme Court of New Jersey,1991,329,0
nj,S,Supreme Court of New Jersey,1992,356,0
nj,S,Supreme Court of New Jersey,1993,344,0
nj,S,Supreme Court of New Jersey,1994,337,0
nj,S,Supreme Court of New Jersey,1995,404,0
nj,S,Supreme Court of New Jersey,1996,390,0
nj,S,Supreme Court of New Jersey,1997,460,0
nj,S,Supreme Court of New Jersey,1998,352,0
nj,S,Supreme Court of New Jersey,1999,441,0
nj,S,Supreme Court of New Jersey,2000,378,0
nj,S,Supreme Court of New Jersey,2001,367,0
nj,S,Supreme Court of New Jersey,2002,444,0
nj,S,Supreme Court of New Jersey,2003,341,0
nj,S,Supreme Court of New Jersey,2004,366,0
nj,S,Supreme Court of New Jersey,2005,455,0
nj,S,Supreme Court of New Jersey,2006,467,0
nj,S,Supreme Court of New Jersey,2007,600,0
nj,S,Supreme Court of New Jersey,2008,1025,0
nj,S,Supreme Court of New Jersey,2009,1172,0
nj,S,Supreme Court of New Jersey,2010,1000,0
nj,S,Supreme Court of New Jersey,2011,898,0
nj,S,Supreme Court of New Jersey,2012,637,0
nj,S,Supreme Court of New Jersey,2013,312,0
nj,S,Supreme Court of New Jersey,2014,333,0
nj,S,Supreme Court of New Jersey,2015,344,0
nj,S,Supreme Court of New Jersey,2016,970,0
nj,S,Supreme Court of New Jersey,2017,1902,0
nj,S,Supreme Court of New Jersey,2018,1600,1
nj,S,Supreme Court of New Jersey,2019,997,0
nj,S,Supreme Court of New Jersey,2020,79,0
nj,S,Supreme Court of New Jersey,2021,83,0
nj,S,Supreme Court of New Jersey,2022,54,0
nj,S,Supreme Court of New Jersey,2023,27,0
nj,S,Supreme Court of New Jersey,2024,48,0
nj,S,Supreme Court of New Jersey,2025,50,0
njch,SA,New Jersey Court of Chancery,1996,1,0
njch,SA,New Jersey Court of Chancery,1997,2,0
njch,SA,New Jersey Court of Chancery,1998,2,0
njsuperctappdiv,SA,New Jersey Superior Court Appellate Division,1990,494,0
njsuperctappdiv,SA,New Jersey Superior Court Appellate Division,1991,520,0
njsuperctappdiv,SA,New Jersey Superior Court Appellate Division,1992,527,0
njsuperctappdiv,SA,New Jersey Superior Court Appellate Division,1993,525,0
njsuperctappdiv,SA,New Jersey Superior Court Appellate Division,1994,541,0
njsuperctappdiv,SA,New Jersey Superior Court Appellate Division,1995,470,0
njsuperctappdiv,SA,New Jersey Superior Court Appellate Division,1996,557,0
njsuperctappdiv,SA,New Jersey Superior Court Appellate Division,1997,565,0
njsuperctappdiv,SA,New Jersey Superior Court Appellate Division,1998,554,0
njsuperctappdiv,SA,New Jersey Superior Court Appellate Division,1999,476,0
njsuperctappdiv,SA,New Jersey Superior Court Appellate Division,2000,498,0
njsuperctappdiv,SA,New Jersey Superior Court Appellate Division,2001,513,0
njsuperctappdiv,SA,New Jersey Superior Court Appellate Division,2002,477,0
njsuperctappdiv,SA,New Jersey Superior Court Appellate Division,2003,421,0
njsuperctappdiv,SA,New Jersey Superior Court Appellate Division,2004,381,0
njsuperctappdiv,SA,New Jersey Superior Court Appellate Division,2005,401,0
njsuperctappdiv,SA,New Jersey Superior Court Appellate Division,2006,343,0
njsuperctappdiv,SA,New Jersey Superior Court Appellate Division,2007,350,0
njsuperctappdiv,SA,New Jersey Superior Court Appellate Division,2008,297,0
njsuperctappdiv,SA,New Jersey Superior Court Appellate Division,2009,281,0
njsuperctappdiv,SA,New Jersey Superior Court Appellate Division,2010,264,0
njsuperctappdiv,SA,New Jersey Superior Court Appellate Division,2011,243,0
njsuperctappdiv,SA,New Jersey Superior Court Appellate Division,2012,193,0
njsuperctappdiv,SA,New Jersey Superior Court Appellate Division,2013,177,0
njsuperctappdiv,SA,New Jersey Superior Court Appellate Division,2014,222,0
njsuperctappdiv,SA,New Jersey Superior Court Appellate Division,2015,229,0
njsuperctappdiv,SA,New Jersey Superior Court Appellate Division,2016,186,0
njsuperctappdiv,SA,New Jersey Superior Court Appellate Division,2017,176,2763
njsuperctappdiv,SA,New Jersey Superior Court Appellate Division,2018,216,1497
njsuperctappdiv,SA,New Jersey Superior Court Appellate Division,2019,205,2582
njsuperctappdiv,SA,New Jersey Superior Court Appellate Division,2020,124,2286
njsuperctappdiv,SA,New Jersey Superior Court Appellate Division,2021,119,1978
njsuperctappdiv,SA,New Jersey Superior Court Appellate Division,2022,69,1054
njsuperctappdiv,SA,New Jersey Superior Court Appellate Division,2023,35,261
njsuperctappdiv,SA,New Jersey Superior Court Appellate Division,2024,76,1647
njsuperctappdiv,SA,New Jersey Superior Court Appellate Division,2025,75,1808
nm,S,New Mexico Supreme Court,1990,117,0
nm,S,New Mexico Supreme Court,1991,105,0
nm,S,New Mexico Supreme Court,1992,75,0
nm,S,New Mexico Supreme Court,1993,87,0
nm,S,New Mexico Supreme Court,1994,148,0
nm,S,New Mexico Supreme Court,1995,86,1
nm,S,New Mexico Supreme Court,1996,80,1
nm,S,New Mexico Supreme Court,1997,64,0
nm,S,New Mexico Supreme Court,1998,55,0
nm,S,New Mexico Supreme Court,1999,49,0
nm,S,New Mexico Supreme Court,2000,37,0
nm,S,New Mexico Supreme Court,2001,40,0
nm,S,New Mexico Supreme Court,2002,40,0
nm,S,New Mexico Supreme Court,2003,31,0
nm,S,New Mexico Supreme Court,2004,38,0
nm,S,New Mexico Supreme Court,2005,84,0
nm,S,New Mexico Supreme Court,2006,130,0
nm,S,New Mexico Supreme Court,2007,350,0
nm,S,New Mexico Supreme Court,2008,436,0
nm,S,New Mexico Supreme Court,2009,539,18
nm,S,New Mexico Supreme Court,2010,472,9
nm,S,New Mexico Supreme Court,2011,212,10
nm,S,New Mexico Supreme Court,2012,47,12
nm,S,New Mexico Supreme Court,2013,136,23
nm,S,New Mexico Supreme Court,2014,66,10
nm,S,New Mexico Supreme Court,2015,74,8
nm,S,New Mexico Supreme Court,2016,72,19
nm,S,New Mexico Supreme Court,2017,54,9
nm,S,New Mexico Supreme Court,2018,67,14
nm,S,New Mexico Supreme Court,2019,31,11
nm,S,New Mexico Supreme Court,2020,24,17
nm,S,New Mexico Supreme Court,2021,36,17
nm,S,New Mexico Supreme Court,2022,18,37
nm,S,New Mexico Supreme Court,2023,32,59
nm,S,New Mexico Supreme Court,2024,33,72
nm,S,New Mexico Supreme Court,2025,25,76
nmctapp,SA,New Mexico Court of Appeals,1990,141,0
nmctapp,SA,New Mexico Court of Appeals,1991,155,0
nmctapp,SA,New Mexico Court of Appeals,1992,143,0
nmctapp,SA,New Mexico Court of Appeals,1993,174,0
nmctapp,SA,New Mexico Court of Appeals,1994,193,0
nmctapp,SA,New Mexico Court of Appeals,1995,172,0
nmctapp,SA,New Mexico Court of Appeals,1996,111,0
nmctapp,SA,New Mexico Court of Appeals,1997,146,0
nmctapp,SA,New Mexico Court of Appeals,1998,193,0
nmctapp,SA,New Mexico Court of Appeals,1999,146,0
nmctapp,SA,New Mexico Court of Appeals,2000,106,0
nmctapp,SA,New Mexico Court of Appeals,2001,137,0
nmctapp,SA,New Mexico Court of Appeals,2002,131,0
nmctapp,SA,New Mexico Court of Appeals,2003,143,0
nmctapp,SA,New Mexico Court of Appeals,2004,132,0
nmctapp,SA,New Mexico Court of Appeals,2005,163,0
nmctapp,SA,New Mexico Court of Appeals,2006,179,0
nmctapp,SA,New Mexico Court of Appeals,2007,214,0
nmctapp,SA,New Mexico Court of Appeals,2008,184,0
nmctapp,SA,New Mexico Court of Appeals,2009,150,519
nmctapp,SA,New Mexico Court of Appeals,2010,136,512
nmctapp,SA,New Mexico Court of Appeals,2011,157,497
nmctapp,SA,New Mexico Court of Appeals,2012,207,471
nmctapp,SA,New Mexico Court of Appeals,2013,240,369
nmctapp,SA,New Mexico Court of Appeals,2014,246,426
nmctapp,SA,New Mexico Court of Appeals,2015,238,424
nmctapp,SA,New Mexico Court of Appeals,2016,159,403
nmctapp,SA,New Mexico Court of Appeals,2017,139,355
nmctapp,SA,New Mexico Court of Appeals,2018,96,425
nmctapp,SA,New Mexico Court of Appeals,2019,96,600
nmctapp,SA,New Mexico Court of Appeals,2020,48,395
nmctapp,SA,New Mexico Court of Appeals,2021,71,434
nmctapp,SA,New Mexico Court of Appeals,2022,70,522
nmctapp,SA,New Mexico Court of Appeals,2023,91,526
nmctapp,SA,New Mexico Court of Appeals,2024,67,449
nmctapp,SA,New Mexico Court of Appeals,2025,28,385
ny,S,New York Court of Appeals,1990,457,0
ny,S,New York Court of Appeals,1991,497,0
ny,S,New York Court of Appeals,1992,461,0
ny,S,New York Court of Appeals,1993,520,0
ny,S,New York Court of Appeals,1994,480,0
ny,S,New York Court of Appeals,1995,552,0
ny,S,New York Court of Appeals,1996,522,0
ny,S,New York Court of Appeals,1997,483,0
ny,S,New York Court of Appeals,1998,382,0
ny,S,New York Court of Appeals,1999,434,0
ny,S,New York Court of Appeals,2000,374,0
ny,S,New York Court of Appeals,2001,325,0
ny,S,New York Court of Appeals,2002,331,0
ny,S,New York Court of Appeals,2003,399,0
ny,S,New York Court of Appeals,2004,1688,0
ny,S,New York Court of Appeals,2005,1894,0
ny,S,New York Court of Appeals,2006,1170,0
ny,S,New York Court of Appeals,2007,873,0
ny,S,New York Court of Appeals,2008,1459,0
ny,S,New York Court of Appeals,2009,2369,0
ny,S,New York Court of Appeals,2010,1824,0
ny,S,New York Court of Appeals,2011,1294,0
ny,S,New York Court of Appeals,2012,1127,0
ny,S,New York Court of Appeals,2013,839,0
ny,S,New York Court of Appeals,2014,909,0
ny,S,New York Court of Appeals,2015,896,0
ny,S,New York Court of Appeals,2016,1941,0
ny,S,New York Court of Appeals,2017,2691,0
ny,S,New York Court of Appeals,2018,105,0
ny,S,New York Court of Appeals,2019,84,1
ny,S,New York Court of Appeals,2020,90,0
ny,S,New York Court of Appeals,2021,55,0
ny,S,New York Court of Appeals,2022,94,0
ny,S,New York Court of Appeals,2023,93,0
ny,S,New York Court of Appeals,2024,122,0
ny,S,New York Court of Appeals,2025,147,0
nyappdiv,SA,Appellate Division of the Supreme Court of the State of New York,1990,8962,0
nyappdiv,SA,Appellate Division of the Supreme Court of the State of New York,1991,8696,0
nyappdiv,SA,Appellate Division of the Supreme Court of the State of New York,1992,8483,0
nyappdiv,SA,Appellate Division of the Supreme Court of the State of New York,1993,9078,0
nyappdiv,SA,Appellate Division of the Supreme Court of the State of New York,1994,10262,0
nyappdiv,SA,Appellate Division of the Supreme Court of the State of New York,1995,9954,0
nyappdiv,SA,Appellate Division of the Supreme Court of the State of New York,1996,10635,0
nyappdiv,SA,Appellate Division of the Supreme Court of the State of New York,1997,10401,0
nyappdiv,SA,Appellate Division of the Supreme Court of the State of New York,1998,10845,0
nyappdiv,SA,Appellate Division of the Supreme Court of the State of New York,1999,10151,0
nyappdiv,SA,Appellate Division of the Supreme Court of the State of New York,2000,10857,0
nyappdiv,SA,Appellate Division of the Supreme Court of the State of New York,2001,10028,0
nyappdiv,SA,Appellate Division of the Supreme Court of the State of New York,2002,9176,0
nyappdiv,SA,Appellate Division of the Supreme Court of the State of New York,2003,9285,0
nyappdiv,SA,Appellate Division of the Supreme Court of the State of New York,2004,8889,0
nyappdiv,SA,Appellate Division of the Supreme Court of the State of New York,2005,9227,0
nyappdiv,SA,Appellate Division of the Supreme Court of the State of New York,2006,9731,0
nyappdiv,SA,Appellate Division of the Supreme Court of the State of New York,2007,10147,0
nyappdiv,SA,Appellate Division of the Supreme Court of the State of New York,2008,10099,0
nyappdiv,SA,Appellate Division of the Supreme Court of the State of New York,2009,9679,0
nyappdiv,SA,Appellate Division of the Supreme Court of the State of New York,2010,9648,0
nyappdiv,SA,Appellate Division of the Supreme Court of the State of New York,2011,10752,0
nyappdiv,SA,Appellate Division of the Supreme Court of the State of New York,2012,15130,0
nyappdiv,SA,Appellate Division of the Supreme Court of the State of New York,2013,17969,0
nyappdiv,SA,Appellate Division of the Supreme Court of the State of New York,2014,16421,0
nyappdiv,SA,Appellate Division of the Supreme Court of the State of New York,2015,13159,0
nyappdiv,SA,Appellate Division of the Supreme Court of the State of New York,2016,11260,0
nyappdiv,SA,Appellate Division of the Supreme Court of the State of New York,2017,11787,0
nyappdiv,SA,Appellate Division of the Supreme Court of the State of New York,2018,8887,0
nyappdiv,SA,Appellate Division of the Supreme Court of the State of New York,2019,9316,0
nyappdiv,SA,Appellate Division of the Supreme Court of the State of New York,2020,8453,0
nyappdiv,SA,Appellate Division of the Supreme Court of the State of New York,2021,8751,0
nyappdiv,SA,Appellate Division of the Supreme Court of the State of New York,2022,8160,0
nyappdiv,SA,Appellate Division of the Supreme Court of the State of New York,2023,7576,0
nyappdiv,SA,Appellate Division of the Supreme Court of the State of New York,2024,6754,0
nyappdiv,SA,Appellate Division of the Supreme Court of the State of New York,2025,7291,0
nyappterm,SA,Appellate Terms of the Supreme Court of New York,1990,37,0
nyappterm,SA,Appellate Terms of the Supreme Court of New York,1991,30,0
nyappterm,SA,Appellate Terms of the Supreme Court of New York,1992,26,0
nyappterm,SA,Appellate Terms of the Supreme Court of New York,1993,30,0
nyappterm,SA,Appellate Terms of the Supreme Court of New York,1994,38,0
nyappterm,SA,Appellate Terms of the Supreme Court of New York,1995,38,0
nyappterm,SA,Appellate Terms of the Supreme Court of New York,1996,47,0
nyappterm,SA,Appellate Terms of the Supreme Court of New York,1997,74,0
nyappterm,SA,Appellate Terms of the Supreme Court of New York,1998,53,0
nyappterm,SA,Appellate Terms of the Supreme Court of New York,1999,66,0
nyappterm,SA,Appellate Terms of the Supreme Court of New York,2000,87,0
nyappterm,SA,Appellate Terms of the Supreme Court of New York,2001,106,0
nyappterm,SA,Appellate Terms of the Supreme Court of New York,2002,79,0
nyappterm,SA,Appellate Terms of the Supreme Court of New York,2003,87,0
nyappterm,SA,Appellate Terms of the Supreme Court of New York,2004,100,0
nyappterm,SA,Appellate Terms of the Supreme Court of New York,2005,98,0
nyappterm,SA,Appellate Terms of the Supreme Court of New York,2006,111,0
nyappterm,SA,Appellate Terms of the Supreme Court of New York,2007,120,0
nyappterm,SA,Appellate Terms of the Supreme Court of New York,2008,93,0
nyappterm,SA,Appellate Terms of the Supreme Court of New York,2009,104,0
nyappterm,SA,Appellate Terms of the Supreme Court of New York,2010,102,0
nyappterm,SA,Appellate Terms of the Supreme Court of New York,2011,87,0
nyappterm,SA,Appellate Terms of the Supreme Court of New York,2012,80,0
nyappterm,SA,Appellate Terms of the Supreme Court of New York,2013,89,0
nyappterm,SA,Appellate Terms of the Supreme Court of New York,2014,88,0
nyappterm,SA,Appellate Terms of the Supreme Court of New York,2015,91,0
nyappterm,SA,Appellate Terms of the Supreme Court of New York,2016,991,0
nyappterm,SA,Appellate Terms of the Supreme Court of New York,2017,1321,0
nyappterm,SA,Appellate Terms of the Supreme Court of New York,2018,972,0
nyappterm,SA,Appellate Terms of the Supreme Court of New York,2019,1176,0
nyappterm,SA,Appellate Terms of the Supreme Court of New York,2020,338,402
nyappterm,SA,Appellate Terms of the Supreme Court of New York,2021,32,578
nyappterm,SA,Appellate Terms of the Supreme Court of New York,2022,40,529
nyappterm,SA,Appellate Terms of the Supreme Court of New York,2023,18,274
nyappterm,SA,Appellate Terms of the Supreme Court of New York,2024,28,256
nyappterm,SA,Appellate Terms of the Supreme Court of New York,2025,19,362
ohio,S,Ohio Supreme Court,1990,564,0
ohio,S,Ohio Supreme Court,1991,1327,0
ohio,S,Ohio Supreme Court,1992,2596,0
ohio,S,Ohio Supreme Court,1993,1987,0
ohio,S,Ohio Supreme Court,1994,2659,0
ohio,S,Ohio Supreme Court,1995,2118,0
ohio,S,Ohio Supreme Court,1996,2166,0
ohio,S,Ohio Supreme Court,1997,1780,1
ohio,S,Ohio Supreme Court,1998,2872,0
ohio,S,Ohio Supreme Court,1999,2209,0
ohio,S,Ohio Supreme Court,2000,1377,0
ohio,S,Ohio Supreme Court,2001,1886,0
ohio,S,Ohio Supreme Court,2002,1971,0
ohio,S,Ohio Supreme Court,2003,1473,0
ohio,S,Ohio Supreme Court,2004,730,0
ohio,S,Ohio Supreme Court,2005,825,0
ohio,S,Ohio Supreme Court,2006,1283,0
ohio,S,Ohio Supreme Court,2007,1321,0
ohio,S,Ohio Supreme Court,2008,1782,0
ohio,S,Ohio Supreme Court,2009,1325,0
ohio,S,Ohio Supreme Court,2010,1952,0
ohio,S,Ohio Supreme Court,2011,1017,0
ohio,S,Ohio Supreme Court,2012,469,0
ohio,S,Ohio Supreme Court,2013,1165,0
ohio,S,Ohio Supreme Court,2014,1299,0
ohio,S,Ohio Supreme Court,2015,664,0
ohio,S,Ohio Supreme Court,2016,566,0
ohio,S,Ohio Supreme Court,2017,1429,0
ohio,S,Ohio Supreme Court,2018,2980,0
ohio,S,Ohio Supreme Court,2019,1813,0
ohio,S,Ohio Supreme Court,2020,410,0
ohio,S,Ohio Supreme Court,2021,222,0
ohio,S,Ohio Supreme Court,2022,333,0
ohio,S,Ohio Supreme Court,2023,180,0
ohio,S,Ohio Supreme Court,2024,379,0
ohio,S,Ohio Supreme Court,2025,209,0
ohioctapp,SA,Ohio Court of Appeals,1990,1647,2
ohioctapp,SA,Ohio Court of Appeals,1991,876,1
ohioctapp,SA,Ohio Court of Appeals,1992,902,1
ohioctapp,SA,Ohio Court of Appeals,1993,908,0
ohioctapp,SA,Ohio Court of Appeals,1994,733,1
ohioctapp,SA,Ohio Court of Appeals,1995,901,2
ohioctapp,SA,Ohio Court of Appeals,1996,1000,3
ohioctapp,SA,Ohio Court of Appeals,1997,735,262
ohioctapp,SA,Ohio Court of Appeals,1998,595,2175
ohioctapp,SA,Ohio Court of Appeals,1999,457,6028
ohioctapp,SA,Ohio Court of Appeals,2000,457,6046
ohioctapp,SA,Ohio Court of Appeals,2001,584,5442
ohioctapp,SA,Ohio Court of Appeals,2002,310,5891
ohioctapp,SA,Ohio Court of Appeals,2003,399,5576
ohioctapp,SA,Ohio Court of Appeals,2004,306,5243
ohioctapp,SA,Ohio Court of Appeals,2005,544,5493
ohioctapp,SA,Ohio Court of Appeals,2006,453,5680
ohioctapp,SA,Ohio Court of Appeals,2007,3753,2216
ohioctapp,SA,Ohio Court of Appeals,2008,3389,2400
ohioctapp,SA,Ohio Court of Appeals,2009,1596,765
ohioctapp,SA,Ohio Court of Appeals,2010,918,0
ohioctapp,SA,Ohio Court of Appeals,2011,3443,0
ohioctapp,SA,Ohio Court of Appeals,2012,3784,0
ohioctapp,SA,Ohio Court of Appeals,2013,4328,0
ohioctapp,SA,Ohio Court of Appeals,2014,4718,0
ohioctapp,SA,Ohio Court of Appeals,2015,2167,0
ohioctapp,SA,Ohio Court of Appeals,2016,3792,1
ohioctapp,SA,Ohio Court of Appeals,2017,3684,3
ohioctapp,SA,Ohio Court of Appeals,2018,3583,4
ohioctapp,SA,Ohio Court of Appeals,2019,3785,1
ohioctapp,SA,Ohio Court of Appeals,2020,3353,1
ohioctapp,SA,Ohio Court of Appeals,2021,3232,0
ohioctapp,SA,Ohio Court of Appeals,2022,3452,0
ohioctapp,SA,Ohio Court of Appeals,2023,3184,0
ohioctapp,SA,Ohio Court of Appeals,2024,3775,0
ohioctapp,SA,Ohio Court of Appeals,2025,3664,1
okla,S,Supreme Court of Oklahoma,1990,140,0
okla,S,Supreme Court of Oklahoma,1991,142,2
okla,S,Supreme Court of Oklahoma,1992,171,0
okla,S,Supreme Court of Oklahoma,1993,176,1
okla,S,Supreme Court of Oklahoma,1994,156,0
okla,S,Supreme Court of Oklahoma,1995,155,0
okla,S,Supreme Court of Oklahoma,1996,141,0
okla,S,Supreme Court of Oklahoma,1997,142,0
okla,S,Supreme Court of Oklahoma,1998,134,1
okla,S,Supreme Court of Oklahoma,1999,106,1
okla,S,Supreme Court of Oklahoma,2000,90,1
okla,S,Supreme Court of Oklahoma,2001,113,0
okla,S,Supreme Court of Oklahoma,2002,106,1
okla,S,Supreme Court of Oklahoma,2003,110,0
okla,S,Supreme Court of Oklahoma,2004,102,0
okla,S,Supreme Court of Oklahoma,2005,91,0
okla,S,Supreme Court of Oklahoma,2006,95,0
okla,S,Supreme Court of Oklahoma,2007,100,1
okla,S,Supreme Court of Oklahoma,2008,95,0
okla,S,Supreme Court of Oklahoma,2009,93,1
okla,S,Supreme Court of Oklahoma,2010,85,0
okla,S,Supreme Court of Oklahoma,2011,102,0
okla,S,Supreme Court of Oklahoma,2012,98,0
okla,S,Supreme Court of Oklahoma,2013,89,0
okla,S,Supreme Court of Oklahoma,2014,187,0
okla,S,Supreme Court of Oklahoma,2015,152,0
okla,S,Supreme Court of Oklahoma,2016,212,2
okla,S,Supreme Court of Oklahoma,2017,189,2
okla,S,Supreme Court of Oklahoma,2018,171,1
okla,S,Supreme Court of Oklahoma,2019,112,1
okla,S,Supreme Court of Oklahoma,2020,120,0
okla,S,Supreme Court of Oklahoma,2021,68,0
okla,S,Supreme Court of Oklahoma,2022,170,1
okla,S,Supreme Court of Oklahoma,2023,341,1
okla,S,Supreme Court of Oklahoma,2024,99,0
okla,S,Supreme Court of Oklahoma,2025,71,0
oklacivapp,SA,Court of Civil Appeals of Oklahoma,1990,118,0
oklacivapp,SA,Court of Civil Appeals of Oklahoma,1991,139,0
oklacivapp,SA,Court of Civil Appeals of Oklahoma,1992,182,0
oklacivapp,SA,Court of Civil Appeals of Oklahoma,1993,207,0
oklacivapp,SA,Court of Civil Appeals of Oklahoma,1994,198,0
oklacivapp,SA,Court of Civil Appeals of Oklahoma,1995,162,0
oklacivapp,SA,Court of Civil Appeals of Oklahoma,1996,169,0
oklacivapp,SA,Court of Civil Appeals of Oklahoma,1997,119,0
oklacivapp,SA,Court of Civil Appeals of Oklahoma,1998,206,0
oklacivapp,SA,Court of Civil Appeals of Oklahoma,1999,160,0
oklacivapp,SA,Court of Civil Appeals of Oklahoma,2000,144,0
oklacivapp,SA,Court of Civil Appeals of Oklahoma,2001,161,0
oklacivapp,SA,Court of Civil Appeals of Oklahoma,2002,132,0
oklacivapp,SA,Court of Civil Appeals of Oklahoma,2003,114,0
oklacivapp,SA,Court of Civil Appeals of Oklahoma,2004,96,0
oklacivapp,SA,Court of Civil Appeals of Oklahoma,2005,126,0
oklacivapp,SA,Court of Civil Appeals of Oklahoma,2006,155,0
oklacivapp,SA,Court of Civil Appeals of Oklahoma,2007,136,0
oklacivapp,SA,Court of Civil Appeals of Oklahoma,2008,116,0
oklacivapp,SA,Court of Civil Appeals of Oklahoma,2009,133,0
oklacivapp,SA,Court of Civil Appeals of Oklahoma,2010,159,0
oklacivapp,SA,Court of Civil Appeals of Oklahoma,2011,135,0
oklacivapp,SA,Court of Civil Appeals of Oklahoma,2012,108,0
oklacivapp,SA,Court of Civil Appeals of Oklahoma,2013,150,0
oklacivapp,SA,Court of Civil Appeals of Oklahoma,2014,177,0
oklacivapp,SA,Court of Civil Appeals of Oklahoma,2015,163,0
oklacivapp,SA,Court of Civil Appeals of Oklahoma,2016,104,0
oklacivapp,SA,Court of Civil Appeals of Oklahoma,2017,107,0
oklacivapp,SA,Court of Civil Appeals of Oklahoma,2018,83,0
oklacivapp,SA,Court of Civil Appeals of Oklahoma,2019,61,0
oklacivapp,SA,Court of Civil Appeals of Oklahoma,2020,43,0
oklacivapp,SA,Court of Civil Appeals of Oklahoma,2021,54,0
oklacivapp,SA,Court of Civil Appeals of Oklahoma,2022,77,0
oklacivapp,SA,Court of Civil Appeals of Oklahoma,2023,82,0
oklacivapp,SA,Court of Civil Appeals of Oklahoma,2024,21,0
oklacivapp,SA,Court of Civil Appeals of Oklahoma,2025,17,0
oklacrimapp,SA,Court of Criminal Appeals of Oklahoma,1990,89,0
oklacrimapp,SA,Court of Criminal Appeals of Oklahoma,1991,130,0
oklacrimapp,SA,Court of Criminal Appeals of Oklahoma,1992,83,0
oklacrimapp,SA,Court of Criminal Appeals of Oklahoma,1993,60,0
oklacrimapp,SA,Court of Criminal Appeals of Oklahoma,1994,88,0
oklacrimapp,SA,Court of Criminal Appeals of Oklahoma,1995,84,0
oklacrimapp,SA,Court of Criminal Appeals of Oklahoma,1996,62,0
oklacrimapp,SA,Court of Criminal Appeals of Oklahoma,1997,77,0
oklacrimapp,SA,Court of Criminal Appeals of Oklahoma,1998,69,0
oklacrimapp,SA,Court of Criminal Appeals of Oklahoma,1999,54,0
oklacrimapp,SA,Court of Criminal Appeals of Oklahoma,2000,26,0
oklacrimapp,SA,Court of Criminal Appeals of Oklahoma,2001,33,0
oklacrimapp,SA,Court of Criminal Appeals of Oklahoma,2002,40,0
oklacrimapp,SA,Court of Criminal Appeals of Oklahoma,2003,20,0
oklacrimapp,SA,Court of Criminal Appeals of Oklahoma,2004,35,0
oklacrimapp,SA,Court of Criminal Appeals of Oklahoma,2005,28,0
oklacrimapp,SA,Court of Criminal Appeals of Oklahoma,2006,51,0
oklacrimapp,SA,Court of Criminal Appeals of Oklahoma,2007,42,0
oklacrimapp,SA,Court of Criminal Appeals of Oklahoma,2008,29,0
oklacrimapp,SA,Court of Criminal Appeals of Oklahoma,2009,32,0
oklacrimapp,SA,Court of Criminal Appeals of Oklahoma,2010,26,0
oklacrimapp,SA,Court of Criminal Appeals of Oklahoma,2011,31,0
oklacrimapp,SA,Court of Criminal Appeals of Oklahoma,2012,14,0
oklacrimapp,SA,Court of Criminal Appeals of Oklahoma,2013,18,0
oklacrimapp,SA,Court of Criminal Appeals of Oklahoma,2014,29,0
oklacrimapp,SA,Court of Criminal Appeals of Oklahoma,2015,32,0
oklacrimapp,SA,Court of Criminal Appeals of Oklahoma,2016,58,0
oklacrimapp,SA,Court of Criminal Appeals of Oklahoma,2017,44,0
oklacrimapp,SA,Court of Criminal Appeals of Oklahoma,2018,73,0
oklacrimapp,SA,Court of Criminal Appeals of Oklahoma,2019,43,0
oklacrimapp,SA,Court of Criminal Appeals of Oklahoma,2020,23,0
oklacrimapp,SA,Court of Criminal Appeals of Oklahoma,2021,50,0
oklacrimapp,SA,Court of Criminal Appeals of Oklahoma,2022,46,0
oklacrimapp,SA,Court of Criminal Appeals of Oklahoma,2023,54,0
oklacrimapp,SA,Court of Criminal Appeals of Oklahoma,2024,50,0
oklacrimapp,SA,Court of Criminal Appeals of Oklahoma,2025,23,0
or,S,Oregon Supreme Court,1990,119,0
or,S,Oregon Supreme Court,1991,100,0
or,S,Oregon Supreme Court,1992,171,0
or,S,Oregon Supreme Court,1993,165,0
or,S,Oregon Supreme Court,1994,132,0
or,S,Oregon Supreme Court,1995,117,0
or,S,Oregon Supreme Court,1996,124,0
or,S,Oregon Supreme Court,1997,89,0
or,S,Oregon Supreme Court,1998,144,0
or,S,Oregon Supreme Court,1999,116,0
or,S,Oregon Supreme Court,2000,117,0
or,S,Oregon Supreme Court,2001,154,0
or,S,Oregon Supreme Court,2002,143,0
or,S,Oregon Supreme Court,2003,82,0
or,S,Oregon Supreme Court,2004,194,0
or,S,Oregon Supreme Court,2005,199,0
or,S,Oregon Supreme Court,2006,417,0
or,S,Oregon Supreme Court,2007,508,0
or,S,Oregon Supreme Court,2008,648,0
or,S,Oregon Supreme Court,2009,908,0
or,S,Oregon Supreme Court,2010,654,0
or,S,Oregon Supreme Court,2011,705,0
or,S,Oregon Supreme Court,2012,200,0
or,S,Oregon Supreme Court,2013,91,0
or,S,Oregon Supreme Court,2014,105,0
or,S,Oregon Supreme Court,2015,102,0
or,S,Oregon Supreme Court,2016,144,0
or,S,Oregon Supreme Court,2017,127,0
or,S,Oregon Supreme Court,2018,724,0
or,S,Oregon Supreme Court,2019,334,0
or,S,Oregon Supreme Court,2020,53,0
or,S,Oregon Supreme Court,2021,55,0
or,S,Oregon Supreme Court,2022,61,0
or,S,Oregon Supreme Court,2023,52,0
or,S,Oregon Supreme Court,2024,69,0
or,S,Oregon Supreme Court,2025,103,0
orctapp,SA,Court of Appeals of Oregon,1990,666,0
orctapp,SA,Court of Appeals of Oregon,1991,822,2
orctapp,SA,Court of Appeals of Oregon,1992,1076,0
orctapp,SA,Court of Appeals of Oregon,1993,1007,0
orctapp,SA,Court of Appeals of Oregon,1994,724,0
orctapp,SA,Court of Appeals of Oregon,1995,635,1
orctapp,SA,Court of Appeals of Oregon,1996,659,2
orctapp,SA,Court of Appeals of Oregon,1997,603,0
orctapp,SA,Court of Appeals of Oregon,1998,538,0
orctapp,SA,Court of Appeals of Oregon,1999,569,1
orctapp,SA,Court of Appeals of Oregon,2000,560,2
orctapp,SA,Court of Appeals of Oregon,2001,539,1
orctapp,SA,Court of Appeals of Oregon,2002,545,0
orctapp,SA,Court of Appeals of Oregon,2003,453,0
orctapp,SA,Court of Appeals of Oregon,2004,691,1
orctapp,SA,Court of Appeals of Oregon,2005,707,0
orctapp,SA,Court of Appeals of Oregon,2006,884,0
orctapp,SA,Court of Appeals of Oregon,2007,1090,0
orctapp,SA,Court of Appeals of Oregon,2008,1518,0
orctapp,SA,Court of Appeals of Oregon,2009,1946,0
orctapp,SA,Court of Appeals of Oregon,2010,1566,0
orctapp,SA,Court of Appeals of Oregon,2011,1488,0
orctapp,SA,Court of Appeals of Oregon,2012,779,0
orctapp,SA,Court of Appeals of Oregon,2013,502,0
orctapp,SA,Court of Appeals of Oregon,2014,624,1
orctapp,SA,Court of Appeals of Oregon,2015,623,1
orctapp,SA,Court of Appeals of Oregon,2016,515,1
orctapp,SA,Court of Appeals of Oregon,2017,623,4
orctapp,SA,Court of Appeals of Oregon,2018,1586,2
orctapp,SA,Court of Appeals of Oregon,2019,1056,6
orctapp,SA,Court of Appeals of Oregon,2020,621,0
orctapp,SA,Court of Appeals of Oregon,2021,921,1
orctapp,SA,Court of Appeals of Oregon,2022,537,199
orctapp,SA,Court of Appeals of Oregon,2023,487,383
orctapp,SA,Court of Appeals of Oregon,2024,604,695
orctapp,SA,Court of Appeals of Oregon,2025,799,1225
pa,S,Supreme Court of Pennsylvania,1990,767,0
pa,S,Supreme Court of Pennsylvania,1991,310,0
pa,S,Supreme Court of Pennsylvania,1992,418,0
pa,S,Supreme Court of Pennsylvania,1993,357,0
pa,S,Supreme Court of Pennsylvania,1994,651,0
pa,S,Supreme Court of Pennsylvania,1995,562,0
pa,S,Supreme Court of Pennsylvania,1996,701,0
pa,S,Supreme Court of Pennsylvania,1997,886,0
pa,S,Supreme Court of Pennsylvania,1998,988,0
pa,S,Supreme Court of Pennsylvania,1999,1027,0
pa,S,Supreme Court of Pennsylvania,2000,765,0
pa,S,Supreme Court of Pennsylvania,2001,778,0
pa,S,Supreme Court of Pennsylvania,2002,806,0
pa,S,Supreme Court of Pennsylvania,2003,849,0
pa,S,Supreme Court of Pennsylvania,2004,1208,0
pa,S,Supreme Court of Pennsylvania,2005,1022,0
pa,S,Supreme Court of Pennsylvania,2006,820,0
pa,S,Supreme Court of Pennsylvania,2007,1141,0
pa,S,Supreme Court of Pennsylvania,2008,1662,0
pa,S,Supreme Court of Pennsylvania,2009,2132,0
pa,S,Supreme Court of Pennsylvania,2010,1637,0
pa,S,Supreme Court of Pennsylvania,2011,1500,0
pa,S,Supreme Court of Pennsylvania,2012,1037,0
pa,S,Supreme Court of Pennsylvania,2013,618,0
pa,S,Supreme Court of Pennsylvania,2014,2102,1
pa,S,Supreme Court of Pennsylvania,2015,3988,0
pa,S,Supreme Court of Pennsylvania,2016,5586,0
pa,S,Supreme Court of Pennsylvania,2017,7730,0
pa,S,Supreme Court of Pennsylvania,2018,4414,0
pa,S,Supreme Court of Pennsylvania,2019,3533,0
pa,S,Supreme Court of Pennsylvania,2020,2509,0
pa,S,Supreme Court of Pennsylvania,2021,1511,0
pa,S,Supreme Court of Pennsylvania,2022,2070,0
pa,S,Supreme Court of Pennsylvania,2023,1860,0
pa,S,Supreme Court of Pennsylvania,2024,1313,0
pa,S,Supreme Court of Pennsylvania,2025,288,0
pacommwct,SA,Commonwealth Court of Pennsylvania,1990,596,0
pacommwct,SA,Commonwealth Court of Pennsylvania,1991,606,0
pacommwct,SA,Commonwealth Court of Pennsylvania,1992,666,0
pacommwct,SA,Commonwealth Court of Pennsylvania,1993,698,0
pacommwct,SA,Commonwealth Court of Pennsylvania,1994,675,0
pacommwct,SA,Commonwealth Court of Pennsylvania,1995,594,0
pacommwct,SA,Commonwealth Court of Pennsylvania,1996,547,0
pacommwct,SA,Commonwealth Court of Pennsylvania,1997,534,0
pacommwct,SA,Commonwealth Court of Pennsylvania,1998,532,0
pacommwct,SA,Commonwealth Court of Pennsylvania,1999,489,0
pacommwct,SA,Commonwealth Court of Pennsylvania,2000,414,0
pacommwct,SA,Commonwealth Court of Pennsylvania,2001,446,0
pacommwct,SA,Commonwealth Court of Pennsylvania,2002,509,0
pacommwct,SA,Commonwealth Court of Pennsylvania,2003,519,0
pacommwct,SA,Commonwealth Court of Pennsylvania,2004,490,0
pacommwct,SA,Commonwealth Court of Pennsylvania,2005,431,0
pacommwct,SA,Commonwealth Court of Pennsylvania,2006,369,0
pacommwct,SA,Commonwealth Court of Pennsylvania,2007,456,0
pacommwct,SA,Commonwealth Court of Pennsylvania,2008,535,0
pacommwct,SA,Commonwealth Court of Pennsylvania,2009,600,0
pacommwct,SA,Commonwealth Court of Pennsylvania,2010,528,0
pacommwct,SA,Commonwealth Court of Pennsylvania,2011,509,0
pacommwct,SA,Commonwealth Court of Pennsylvania,2012,363,0
pacommwct,SA,Commonwealth Court of Pennsylvania,2013,287,0
pacommwct,SA,Commonwealth Court of Pennsylvania,2014,291,86
pacommwct,SA,Commonwealth Court of Pennsylvania,2015,334,345
pacommwct,SA,Commonwealth Court of Pennsylvania,2016,794,790
pacommwct,SA,Commonwealth Court of Pennsylvania,2017,2993,812
pacommwct,SA,Commonwealth Court of Pennsylvania,2018,1078,636
pacommwct,SA,Commonwealth Court of Pennsylvania,2019,629,694
pacommwct,SA,Commonwealth Court of Pennsylvania,2020,224,608
pacommwct,SA,Commonwealth Court of Pennsylvania,2021,202,583
pacommwct,SA,Commonwealth Court of Pennsylvania,2022,172,530
pacommwct,SA,Commonwealth Court of Pennsylvania,2023,239,619
pacommwct,SA,Commonwealth Court of Pennsylvania,2024,253,651
pacommwct,SA,Commonwealth Court of Pennsylvania,2025,156,608
pasuperct,SA,Superior Court of Pennsylvania,1990,147,0
pasuperct,SA,Superior Court of Pennsylvania,1991,599,0
pasuperct,SA,Superior Court of Pennsylvania,1992,618,0
pasuperct,SA,Superior Court of Pennsylvania,1993,564,0
pasuperct,SA,Superior Court of Pennsylvania,1994,472,0
pasuperct,SA,Superior Court of Pennsylvania,1995,565,0
pasuperct,SA,Superior Court of Pennsylvania,1996,483,0
pasuperct,SA,Superior Court of Pennsylvania,1997,413,0
pasuperct,SA,Superior Court of Pennsylvania,1998,367,0
pasuperct,SA,Superior Court of Pennsylvania,1999,351,0
pasuperct,SA,Superior Court of Pennsylvania,2000,421,0
pasuperct,SA,Superior Court of Pennsylvania,2001,403,0
pasuperct,SA,Superior Court of Pennsylvania,2002,431,0
pasuperct,SA,Superior Court of Pennsylvania,2003,531,0
pasuperct,SA,Superior Court of Pennsylvania,2004,510,0
pasuperct,SA,Superior Court of Pennsylvania,2005,458,0
pasuperct,SA,Superior Court of Pennsylvania,2006,414,0
pasuperct,SA,Superior Court of Pennsylvania,2007,1335,0
pasuperct,SA,Superior Court of Pennsylvania,2008,2106,0
pasuperct,SA,Superior Court of Pennsylvania,2009,3393,0
pasuperct,SA,Superior Court of Pennsylvania,2010,2558,0
pasuperct,SA,Superior Court of Pennsylvania,2011,2964,0
pasuperct,SA,Superior Court of Pennsylvania,2012,498,0
pasuperct,SA,Superior Court of Pennsylvania,2013,323,0
pasuperct,SA,Superior Court of Pennsylvania,2014,330,2032
pasuperct,SA,Superior Court of Pennsylvania,2015,368,4739
pasuperct,SA,Superior Court of Pennsylvania,2016,5393,4817
pasuperct,SA,Superior Court of Pennsylvania,2017,12664,4834
pasuperct,SA,Superior Court of Pennsylvania,2018,5345,4443
pasuperct,SA,Superior Court of Pennsylvania,2019,1252,4417
pasuperct,SA,Superior Court of Pennsylvania,2020,626,3780
pasuperct,SA,Superior Court of Pennsylvania,2021,381,3106
pasuperct,SA,Superior Court of Pennsylvania,2022,326,2737
pasuperct,SA,Superior Court of Pennsylvania,2023,354,3069
pasuperct,SA,Superior Court of Pennsylvania,2024,387,2830
pasuperct,SA,Superior Court of Pennsylvania,2025,307,3108
ri,S,Supreme Court of Rhode Island,1990,186,0
ri,S,Supreme Court of Rhode Island,1991,209,0
ri,S,Supreme Court of Rhode Island,1992,247,0
ri,S,Supreme Court of Rhode Island,1993,278,0
ri,S,Supreme Court of Rhode Island,1994,310,0
ri,S,Supreme Court of Rhode Island,1995,298,0
ri,S,Supreme Court of Rhode Island,1996,300,0
ri,S,Supreme Court of Rhode Island,1997,358,0
ri,S,Supreme Court of Rhode Island,1998,321,0
ri,S,Supreme Court of Rhode Island,1999,236,0
ri,S,Supreme Court of Rhode Island,2000,240,0
ri,S,Supreme Court of Rhode Island,2001,268,0
ri,S,Supreme Court of Rhode Island,2002,215,0
ri,S,Supreme Court of Rhode Island,2003,204,0
ri,S,Supreme Court of Rhode Island,2004,175,0
ri,S,Supreme Court of Rhode Island,2005,171,0
ri,S,Supreme Court of Rhode Island,2006,160,0
ri,S,Supreme Court of Rhode Island,2007,127,0
ri,S,Supreme Court of Rhode Island,2008,127,0
ri,S,Supreme Court of Rhode Island,2009,153,0
ri,S,Supreme Court of Rhode Island,2010,129,0
ri,S,Supreme Court of Rhode Island,2011,153,0
ri,S,Supreme Court of Rhode Island,2012,158,12
ri,S,Supreme Court of Rhode Island,2013,151,20
ri,S,Supreme Court of Rhode Island,2014,131,35
ri,S,Supreme Court of Rhode Island,2015,102,13
ri,S,Supreme Court of Rhode Island,2016,104,17
ri,S,Supreme Court of Rhode Island,2017,83,13
ri,S,Supreme Court of Rhode Island,2018,82,19
ri,S,Supreme Court of Rhode Island,2019,76,22
ri,S,Supreme Court of Rhode Island,2020,60,8
ri,S,Supreme Court of Rhode Island,2021,77,13
ri,S,Supreme Court of Rhode Island,2022,54,11
ri,S,Supreme Court of Rhode Island,2023,62,10
ri,S,Supreme Court of Rhode Island,2024,68,8
ri,S,Supreme Court of Rhode Island,2025,69,0
risuperct,SA,Superior Court of Rhode Island,1991,0,216
risuperct,SA,Superior Court of Rhode Island,1992,0,183
risuperct,SA,Superior Court of Rhode Island,1993,0,109
risuperct,SA,Superior Court of Rhode Island,1994,0,123
risuperct,SA,Superior Court of Rhode Island,1995,170,0
risuperct,SA,Superior Court of Rhode Island,1996,164,0
risuperct,SA,Superior Court of Rhode Island,1997,145,0
risuperct,SA,Superior Court of Rhode Island,1998,121,0
risuperct,SA,Superior Court of Rhode Island,1999,169,0
risuperct,SA,Superior Court of Rhode Island,2000,119,0
risuperct,SA,Superior Court of Rhode Island,2001,162,0
risuperct,SA,Superior Court of Rhode Island,2002,172,0
risuperct,SA,Superior Court of Rhode Island,2003,136,5
risuperct,SA,Superior Court of Rhode Island,2004,1,179
risuperct,SA,Superior Court of Rhode Island,2005,7,168
risuperct,SA,Superior Court of Rhode Island,2006,171,0
risuperct,SA,Superior Court of Rhode Island,2007,173,0
risuperct,SA,Superior Court of Rhode Island,2008,158,0
risuperct,SA,Superior Court of Rhode Island,2009,150,0
risuperct,SA,Superior Court of Rhode Island,2010,189,0
risuperct,SA,Superior Court of Rhode Island,2011,158,3
sc,S,Supreme Court of South Carolina,1990,182,0
sc,S,Supreme Court of South Carolina,1991,270,0
sc,S,Supreme Court of South Carolina,1992,254,0
sc,S,Supreme Court of South Carolina,1993,224,0
sc,S,Supreme Court of South Carolina,1994,217,0
sc,S,Supreme Court of South Carolina,1995,211,0
sc,S,Supreme Court of South Carolina,1996,226,0
sc,S,Supreme Court of South Carolina,1997,229,0
sc,S,Supreme Court of South Carolina,1998,172,0
sc,S,Supreme Court of South Carolina,1999,202,0
sc,S,Supreme Court of South Carolina,2000,225,0
sc,S,Supreme Court of South Carolina,2001,195,0
sc,S,Supreme Court of South Carolina,2002,202,0
sc,S,Supreme Court of South Carolina,2003,216,0
sc,S,Supreme Court of South Carolina,2004,222,69
sc,S,Supreme Court of South Carolina,2005,207,63
sc,S,Supreme Court of South Carolina,2006,201,48
sc,S,Supreme Court of South Carolina,2007,203,72
sc,S,Supreme Court of South Carolina,2008,209,50
sc,S,Supreme Court of South Carolina,2009,225,64
sc,S,Supreme Court of South Carolina,2010,184,34
sc,S,Supreme Court of South Carolina,2011,218,40
sc,S,Supreme Court of South Carolina,2012,152,55
sc,S,Supreme Court of South Carolina,2013,188,34
sc,S,Supreme Court of South Carolina,2014,193,48
sc,S,Supreme Court of South Carolina,2015,221,69
sc,S,Supreme Court of South Carolina,2016,256,33
sc,S,Supreme Court of South Carolina,2017,110,22
sc,S,Supreme Court of South Carolina,2018,149,39
sc,S,Supreme Court of South Carolina,2019,103,46
sc,S,Supreme Court of South Carolina,2020,83,16
sc,S,Supreme Court of South Carolina,2021,83,11
sc,S,Supreme Court of South Carolina,2022,40,10
sc,S,Supreme Court of South Carolina,2023,60,16
sc,S,Supreme Court of South Carolina,2024,61,25
sc,S,Supreme Court of South Carolina,2025,53,22
scctapp,SA,Court of Appeals of South Carolina,1990,138,0
scctapp,SA,Court of Appeals of South Carolina,1991,159,0
scctapp,SA,Court of Appeals of South Carolina,1992,196,0
scctapp,SA,Court of Appeals of South Carolina,1993,183,0
scctapp,SA,Court of Appeals of South Carolina,1994,170,0
scctapp,SA,Court of Appeals of South Carolina,1995,157,0
scctapp,SA,Court of Appeals of South Carolina,1996,176,0
scctapp,SA,Court of Appeals of South Carolina,1997,170,0
scctapp,SA,Court of Appeals of South Carolina,1998,148,0
scctapp,SA,Court of Appeals of South Carolina,1999,181,0
scctapp,SA,Court of Appeals of South Carolina,2000,185,0
scctapp,SA,Court of Appeals of South Carolina,2001,165,0
scctapp,SA,Court of Appeals of South Carolina,2002,156,0
scctapp,SA,Court of Appeals of South Carolina,2003,137,540
scctapp,SA,Court of Appeals of South Carolina,2004,197,657
scctapp,SA,Court of Appeals of South Carolina,2005,154,634
scctapp,SA,Court of Appeals of South Carolina,2006,132,444
scctapp,SA,Court of Appeals of South Carolina,2007,134,558
scctapp,SA,Court of Appeals of South Carolina,2008,147,734
scctapp,SA,Court of Appeals of South Carolina,2009,175,612
scctapp,SA,Court of Appeals of South Carolina,2010,151,564
scctapp,SA,Court of Appeals of South Carolina,2011,160,588
scctapp,SA,Court of Appeals of South Carolina,2012,145,685
scctapp,SA,Court of Appeals of South Carolina,2013,116,498
scctapp,SA,Court of Appeals of South Carolina,2014,103,489
scctapp,SA,Court of Appeals of South Carolina,2015,88,575
scctapp,SA,Court of Appeals of South Carolina,2016,89,526
scctapp,SA,Court of Appeals of South Carolina,2017,65,470
scctapp,SA,Court of Appeals of South Carolina,2018,78,465
scctapp,SA,Court of Appeals of South Carolina,2019,76,422
scctapp,SA,Court of Appeals of South Carolina,2020,78,340
scctapp,SA,Court of Appeals of South Carolina,2021,96,451
scctapp,SA,Court of Appeals of South Carolina,2022,70,461
scctapp,SA,Court of Appeals of South Carolina,2023,88,408
scctapp,SA,Court of Appeals of South Carolina,2024,56,415
scctapp,SA,Court of Appeals of South Carolina,2025,36,445
sd,S,South Dakota Supreme Court,1990,171,0
sd,S,South Dakota Supreme Court,1991,173,0
sd,S,South Dakota Supreme Court,1992,151,0
sd,S,South Dakota Supreme Court,1993,165,0
sd,S,South Dakota Supreme Court,1994,187,0
sd,S,South Dakota Supreme Court,1995,144,0
sd,S,South Dakota Supreme Court,1996,166,0
sd,S,South Dakota Supreme Court,1997,163,0
sd,S,South Dakota Supreme Court,1998,156,0
sd,S,South Dakota Supreme Court,1999,198,0
sd,S,South Dakota Supreme Court,2000,179,0
sd,S,South Dakota Supreme Court,2001,206,0
sd,S,South Dakota Supreme Court,2002,226,0
sd,S,South Dakota Supreme Court,2003,209,0
sd,S,South Dakota Supreme Court,2004,203,0
sd,S,South Dakota Supreme Court,2005,206,0
sd,S,South Dakota Supreme Court,2006,199,0
sd,S,South Dakota Supreme Court,2007,212,0
sd,S,South Dakota Supreme Court,2008,208,0
sd,S,South Dakota Supreme Court,2009,189,0
sd,S,South Dakota Supreme Court,2010,113,0
sd,S,South Dakota Supreme Court,2011,100,0
sd,S,South Dakota Supreme Court,2012,94,0
sd,S,South Dakota Supreme Court,2013,108,0
sd,S,South Dakota Supreme Court,2014,103,0
sd,S,South Dakota Supreme Court,2015,114,0
sd,S,South Dakota Supreme Court,2016,125,0
sd,S,South Dakota Supreme Court,2017,167,0
sd,S,South Dakota Supreme Court,2018,182,0
sd,S,South Dakota Supreme Court,2019,132,0
sd,S,South Dakota Supreme Court,2020,73,0
sd,S,South Dakota Supreme Court,2021,69,0
sd,S,South Dakota Supreme Court,2022,80,0
sd,S,South Dakota Supreme Court,2023,79,0
sd,S,South Dakota Supreme Court,2024,86,0
sd,S,South Dakota Supreme Court,2025,77,0
tenn,S,Tennessee Supreme Court,1990,93,0
tenn,S,Tennessee Supreme Court,1991,113,0
tenn,S,Tennessee Supreme Court,1992,105,0
tenn,S,Tennessee Supreme Court,1993,98,0
tenn,S,Tennessee Supreme Court,1994,88,0
tenn,S,Tennessee Supreme Court,1995,102,0
tenn,S,Tennessee Supreme Court,1996,133,0
tenn,S,Tennessee Supreme Court,1997,128,0
tenn,S,Tennessee Supreme Court,1998,182,0
tenn,S,Tennessee Supreme Court,1999,157,0
tenn,S,Tennessee Supreme Court,2000,187,0
tenn,S,Tennessee Supreme Court,2001,170,0
tenn,S,Tennessee Supreme Court,2002,114,0
tenn,S,Tennessee Supreme Court,2003,113,0
tenn,S,Tennessee Supreme Court,2004,104,0
tenn,S,Tennessee Supreme Court,2005,107,0
tenn,S,Tennessee Supreme Court,2006,116,0
tenn,S,Tennessee Supreme Court,2007,85,0
tenn,S,Tennessee Supreme Court,2008,79,0
tenn,S,Tennessee Supreme Court,2009,81,0
tenn,S,Tennessee Supreme Court,2010,87,0
tenn,S,Tennessee Supreme Court,2011,74,0
tenn,S,Tennessee Supreme Court,2012,69,0
tenn,S,Tennessee Supreme Court,2013,84,0
tenn,S,Tennessee Supreme Court,2014,60,0
tenn,S,Tennessee Supreme Court,2015,80,0
tenn,S,Tennessee Supreme Court,2016,40,0
tenn,S,Tennessee Supreme Court,2017,43,0
tenn,S,Tennessee Supreme Court,2018,27,0
tenn,S,Tennessee Supreme Court,2019,35,0
tenn,S,Tennessee Supreme Court,2020,28,0
tenn,S,Tennessee Supreme Court,2021,20,2
tenn,S,Tennessee Supreme Court,2022,17,6
tenn,S,Tennessee Supreme Court,2023,17,1
tenn,S,Tennessee Supreme Court,2024,21,5
tenn,S,Tennessee Supreme Court,2025,19,1
tenncrimapp,SA,Court of Criminal Appeals of Tennessee,1990,47,0
tenncrimapp,SA,Court of Criminal Appeals of Tennessee,1991,61,0
tenncrimapp,SA,Court of Criminal Appeals of Tennessee,1992,65,0
tenncrimapp,SA,Court of Criminal Appeals of Tennessee,1993,89,0
tenncrimapp,SA,Court of Criminal Appeals of Tennessee,1994,98,0
tenncrimapp,SA,Court of Criminal Appeals of Tennessee,1995,149,0
tenncrimapp,SA,Court of Criminal Appeals of Tennessee,1996,167,0
tenncrimapp,SA,Court of Criminal Appeals of Tennessee,1997,759,0
tenncrimapp,SA,Court of Criminal Appeals of Tennessee,1998,963,0
tenncrimapp,SA,Court of Criminal Appeals of Tennessee,1999,782,0
tenncrimapp,SA,Court of Criminal Appeals of Tennessee,2000,864,0
tenncrimapp,SA,Court of Criminal Appeals of Tennessee,2001,712,0
tenncrimapp,SA,Court of Criminal Appeals of Tennessee,2002,837,0
tenncrimapp,SA,Court of Criminal Appeals of Tennessee,2003,882,0
tenncrimapp,SA,Court of Criminal Appeals of Tennessee,2004,920,0
tenncrimapp,SA,Court of Criminal Appeals of Tennessee,2005,1104,0
tenncrimapp,SA,Court of Criminal Appeals of Tennessee,2006,595,0
tenncrimapp,SA,Court of Criminal Appeals of Tennessee,2007,497,0
tenncrimapp,SA,Court of Criminal Appeals of Tennessee,2008,545,0
tenncrimapp,SA,Court of Criminal Appeals of Tennessee,2009,575,0
tenncrimapp,SA,Court of Criminal Appeals of Tennessee,2010,1834,0
tenncrimapp,SA,Court of Criminal Appeals of Tennessee,2011,967,0
tenncrimapp,SA,Court of Criminal Appeals of Tennessee,2012,1091,0
tenncrimapp,SA,Court of Criminal Appeals of Tennessee,2013,1114,0
tenncrimapp,SA,Court of Criminal Appeals of Tennessee,2014,1021,0
tenncrimapp,SA,Court of Criminal Appeals of Tennessee,2015,997,0
tenncrimapp,SA,Court of Criminal Appeals of Tennessee,2016,893,0
tenncrimapp,SA,Court of Criminal Appeals of Tennessee,2017,776,0
tenncrimapp,SA,Court of Criminal Appeals of Tennessee,2018,731,0
tenncrimapp,SA,Court of Criminal Appeals of Tennessee,2019,622,0
tenncrimapp,SA,Court of Criminal Appeals of Tennessee,2020,624,0
tenncrimapp,SA,Court of Criminal Appeals of Tennessee,2021,486,0
tenncrimapp,SA,Court of Criminal Appeals of Tennessee,2022,472,0
tenncrimapp,SA,Court of Criminal Appeals of Tennessee,2023,76,0
tenncrimapp,SA,Court of Criminal Appeals of Tennessee,2024,468,0
tenncrimapp,SA,Court of Criminal Appeals of Tennessee,2025,538,2
tennctapp,SA,Court of Appeals of Tennessee,1990,125,0
tennctapp,SA,Court of Appeals of Tennessee,1991,142,0
tennctapp,SA,Court of Appeals of Tennessee,1992,172,0
tennctapp,SA,Court of Appeals of Tennessee,1993,152,0
tennctapp,SA,Court of Appeals of Tennessee,1994,120,0
tennctapp,SA,Court of Appeals of Tennessee,1995,300,0
tennctapp,SA,Court of Appeals of Tennessee,1996,418,0
tennctapp,SA,Court of Appeals of Tennessee,1997,771,0
tennctapp,SA,Court of Appeals of Tennessee,1998,796,0
tennctapp,SA,Court of Appeals of Tennessee,1999,805,0
tennctapp,SA,Court of Appeals of Tennessee,2000,886,0
tennctapp,SA,Court of Appeals of Tennessee,2001,996,0
tennctapp,SA,Court of Appeals of Tennessee,2002,755,0
tennctapp,SA,Court of Appeals of Tennessee,2003,711,0
tennctapp,SA,Court of Appeals of Tennessee,2004,666,0
tennctapp,SA,Court of Appeals of Tennessee,2005,715,0
tennctapp,SA,Court of Appeals of Tennessee,2006,505,0
tennctapp,SA,Court of Appeals of Tennessee,2007,398,0
tennctapp,SA,Court of Appeals of Tennessee,2008,428,0
tennctapp,SA,Court of Appeals of Tennessee,2009,419,0
tennctapp,SA,Court of Appeals of Tennessee,2010,644,0
tennctapp,SA,Court of Appeals of Tennessee,2011,674,0
tennctapp,SA,Court of Appeals of Tennessee,2012,802,0
tennctapp,SA,Court of Appeals of Tennessee,2013,713,0
tennctapp,SA,Court of Appeals of Tennessee,2014,576,0
tennctapp,SA,Court of Appeals of Tennessee,2015,577,0
tennctapp,SA,Court of Appeals of Tennessee,2016,581,0
tennctapp,SA,Court of Appeals of Tennessee,2017,493,0
tennctapp,SA,Court of Appeals of Tennessee,2018,511,0
tennctapp,SA,Court of Appeals of Tennessee,2019,445,0
tennctapp,SA,Court of Appeals of Tennessee,2020,417,0
tennctapp,SA,Court of Appeals of Tennessee,2021,358,0
tennctapp,SA,Court of Appeals of Tennessee,2022,369,2
tennctapp,SA,Court of Appeals of Tennessee,2023,77,0
tennctapp,SA,Court of Appeals of Tennessee,2024,433,0
tennctapp,SA,Court of Appeals of Tennessee,2025,338,41
tex,S,Texas Supreme Court,1990,138,0
tex,S,Texas Supreme Court,1991,132,0
tex,S,Texas Supreme Court,1992,163,0
tex,S,Texas Supreme Court,1993,154,0
tex,S,Texas Supreme Court,1994,149,0
tex,S,Texas Supreme Court,1995,160,0
tex,S,Texas Supreme Court,1996,149,0
tex,S,Texas Supreme Court,1997,123,0
tex,S,Texas Supreme Court,1998,158,0
tex,S,Texas Supreme Court,1999,128,0
tex,S,Texas Supreme Court,2000,108,0
tex,S,Texas Supreme Court,2001,93,0
tex,S,Texas Supreme Court,2002,125,0
tex,S,Texas Supreme Court,2003,112,0
tex,S,Texas Supreme Court,2004,337,0
tex,S,Texas Supreme Court,2005,277,0
tex,S,Texas Supreme Court,2006,423,0
tex,S,Texas Supreme Court,2007,350,0
tex,S,Texas Supreme Court,2008,460,0
tex,S,Texas Supreme Court,2009,402,0
tex,S,Texas Supreme Court,2010,331,0
tex,S,Texas Supreme Court,2011,306,0
tex,S,Texas Supreme Court,2012,202,0
tex,S,Texas Supreme Court,2013,138,0
tex,S,Texas Supreme Court,2014,177,0
tex,S,Texas Supreme Court,2015,2657,0
tex,S,Texas Supreme Court,2016,242,0
tex,S,Texas Supreme Court,2017,259,0
tex,S,Texas Supreme Court,2018,196,0
tex,S,Texas Supreme Court,2019,127,0
tex,S,Texas Supreme Court,2020,132,0
tex,S,Texas Supreme Court,2021,131,0
tex,S,Texas Supreme Court,2022,150,0
tex,S,Texas Supreme Court,2023,143,0
tex,S,Texas Supreme Court,2024,170,0
tex,S,Texas Supreme Court,2025,120,0
texapp,SA,Court of Appeals of Texas,1990,769,0
texapp,SA,Court of Appeals of Texas,1991,758,0
texapp,SA,Court of Appeals of Texas,1992,958,0
texapp,SA,Court of Appeals of Texas,1993,816,0
texapp,SA,Court of Appeals of Texas,1994,724,0
texapp,SA,Court of Appeals of Texas,1995,420,0
texapp,SA,Court of Appeals of Texas,1996,455,0
texapp,SA,Court of Appeals of Texas,1997,407,0
texapp,SA,Court of Appeals of Texas,1998,360,0
texapp,SA,Court of Appeals of Texas,1999,452,0
texapp,SA,Court of Appeals of Texas,2000,340,0
texapp,SA,Court of Appeals of Texas,2001,382,0
texapp,SA,Court of Appeals of Texas,2002,263,0
texapp,SA,Court of Appeals of Texas,2003,315,0
texapp,SA,Court of Appeals of Texas,2004,225,0
texapp,SA,Court of Appeals of Texas,2005,226,0
texapp,SA,Court of Appeals of Texas,2006,206,0
texapp,SA,Court of Appeals of Texas,2007,151,0
texapp,SA,Court of Appeals of Texas,2008,157,0
texapp,SA,Court of Appeals of Texas,2009,144,0
texapp,SA,Court of Appeals of Texas,2010,139,0
texapp,SA,Court of Appeals of Texas,2011,92,0
texapp,SA,Court of Appeals of Texas,2012,323,0
texapp,SA,Court of Appeals of Texas,2013,185,0
texapp,SA,Court of Appeals of Texas,2014,301,0
texapp,SA,Court of Appeals of Texas,2015,9945,0
texapp,SA,Court of Appeals of Texas,2016,1004,0
texapp,SA,Court of Appeals of Texas,2017,805,0
texapp,SA,Court of Appeals of Texas,2018,319,0
texapp,SA,Court of Appeals of Texas,2019,27,0
texcrimapp,S,Court of Criminal Appeals of Texas,1990,203,0
texcrimapp,S,Court of Criminal Appeals of Texas,1991,280,0
texcrimapp,S,Court of Criminal Appeals of Texas,1992,229,0
texcrimapp,S,Court of Criminal Appeals of Texas,1993,194,0
texcrimapp,S,Court of Criminal Appeals of Texas,1994,129,0
texcrimapp,S,Court of Criminal Appeals of Texas,1995,121,0
texcrimapp,S,Court of Criminal Appeals of Texas,1996,166,0
texcrimapp,S,Court of Criminal Appeals of Texas,1997,105,0
texcrimapp,S,Court of Criminal Appeals of Texas,1998,159,0
texcrimapp,S,Court of Criminal Appeals of Texas,1999,131,0
texcrimapp,S,Court of Criminal Appeals of Texas,2000,107,0
texcrimapp,S,Court of Criminal Appeals of Texas,2001,103,0
texcrimapp,S,Court of Criminal Appeals of Texas,2002,135,0
texcrimapp,S,Court of Criminal Appeals of Texas,2003,253,0
texcrimapp,S,Court of Criminal Appeals of Texas,2004,521,0
texcrimapp,S,Court of Criminal Appeals of Texas,2005,648,0
texcrimapp,S,Court of Criminal Appeals of Texas,2006,1335,0
texcrimapp,S,Court of Criminal Appeals of Texas,2007,1318,0
texcrimapp,S,Court of Criminal Appeals of Texas,2008,1678,0
texcrimapp,S,Court of Criminal Appeals of Texas,2009,1516,0
texcrimapp,S,Court of Criminal Appeals of Texas,2010,1487,0
texcrimapp,S,Court of Criminal Appeals of Texas,2011,1668,0
texcrimapp,S,Court of Criminal Appeals of Texas,2012,1649,0
texcrimapp,S,Court of Criminal Appeals of Texas,2013,1646,0
texcrimapp,S,Court of Criminal Appeals of Texas,2014,1340,0
texcrimapp,S,Court of Criminal Appeals of Texas,2015,2249,0
texcrimapp,S,Court of Criminal Appeals of Texas,2016,886,0
texcrimapp,S,Court of Criminal Appeals of Texas,2017,492,0
texcrimapp,S,Court of Criminal Appeals of Texas,2018,593,0
texcrimapp,S,Court of Criminal Appeals of Texas,2019,693,0
texcrimapp,S,Court of Criminal Appeals of Texas,2020,512,0
texcrimapp,S,Court of Criminal Appeals of Texas,2021,777,0
texcrimapp,S,Court of Criminal Appeals of Texas,2022,574,0
texcrimapp,S,Court of Criminal Appeals of Texas,2023,338,0
texcrimapp,S,Court of Criminal Appeals of Texas,2024,256,0
texcrimapp,S,Court of Criminal Appeals of Texas,2025,196,0
texjpml,SA,Texas Judicial Panel on Multidistrict Litigation,2003,1,0
texjpml,SA,Texas Judicial Panel on Multidistrict Litigation,2004,3,0
texjpml,SA,Texas Judicial Panel on Multidistrict Litigation,2005,3,0
texjpml,SA,Texas Judicial Panel on Multidistrict Litigation,2006,6,0
texjpml,SA,Texas Judicial Panel on Multidistrict Litigation,2007,4,0
texjpml,SA,Texas Judicial Panel on Multidistrict Litigation,2008,8,0
texjpml,SA,Texas Judicial Panel on Multidistrict Litigation,2009,6,0
texjpml,SA,Texas Judicial Panel on Multidistrict Litigation,2010,6,0
texjpml,SA,Texas Judicial Panel on Multidistrict Litigation,2011,1,0
texjpml,SA,Texas Judicial Panel on Multidistrict Litigation,2012,2,0
texjpml,SA,Texas Judicial Panel on Multidistrict Litigation,2014,4,0
texjpml,SA,Texas Judicial Panel on Multidistrict Litigation,2015,2,0
texjpml,SA,Texas Judicial Panel on Multidistrict Litigation,2016,3,0
txctapp1,SA,"Texas Court of Appeals, 1st District (Houston)",1990,165,0
txctapp1,SA,"Texas Court of Appeals, 1st District (Houston)",1991,189,0
txctapp1,SA,"Texas Court of Appeals, 1st District (Houston)",1992,227,0
txctapp1,SA,"Texas Court of Appeals, 1st District (Houston)",1993,205,0
txctapp1,SA,"Texas Court of Appeals, 1st District (Houston)",1994,207,0
txctapp1,SA,"Texas Court of Appeals, 1st District (Houston)",1995,216,0
txctapp1,SA,"Texas Court of Appeals, 1st District (Houston)",1996,175,0
txctapp1,SA,"Texas Court of Appeals, 1st District (Houston)",1997,115,0
txctapp1,SA,"Texas Court of Appeals, 1st District (Houston)",1998,179,0
txctapp1,SA,"Texas Court of Appeals, 1st District (Houston)",1999,195,0
txctapp1,SA,"Texas Court of Appeals, 1st District (Houston)",2000,149,0
txctapp1,SA,"Texas Court of Appeals, 1st District (Houston)",2001,140,0
txctapp1,SA,"Texas Court of Appeals, 1st District (Houston)",2002,1046,0
txctapp1,SA,"Texas Court of Appeals, 1st District (Houston)",2003,1263,0
txctapp1,SA,"Texas Court of Appeals, 1st District (Houston)",2004,1260,0
txctapp1,SA,"Texas Court of Appeals, 1st District (Houston)",2005,1090,0
txctapp1,SA,"Texas Court of Appeals, 1st District (Houston)",2006,1178,0
txctapp1,SA,"Texas Court of Appeals, 1st District (Houston)",2007,1281,0
txctapp1,SA,"Texas Court of Appeals, 1st District (Houston)",2008,1127,0
txctapp1,SA,"Texas Court of Appeals, 1st District (Houston)",2009,1175,0
txctapp1,SA,"Texas Court of Appeals, 1st District (Houston)",2010,1105,0
txctapp1,SA,"Texas Court of Appeals, 1st District (Houston)",2011,1205,0
txctapp1,SA,"Texas Court of Appeals, 1st District (Houston)",2012,1498,0
txctapp1,SA,"Texas Court of Appeals, 1st District (Houston)",2013,2087,0
txctapp1,SA,"Texas Court of Appeals, 1st District (Houston)",2014,2332,0
txctapp1,SA,"Texas Court of Appeals, 1st District (Houston)",2015,6288,0
txctapp1,SA,"Texas Court of Appeals, 1st District (Houston)",2016,1482,0
txctapp1,SA,"Texas Court of Appeals, 1st District (Houston)",2017,865,0
txctapp1,SA,"Texas Court of Appeals, 1st District (Houston)",2018,1510,0
txctapp1,SA,"Texas Court of Appeals, 1st District (Houston)",2019,1811,0
txctapp1,SA,"Texas Court of Appeals, 1st District (Houston)",2020,1161,0
txctapp1,SA,"Texas Court of Appeals, 1st District (Houston)",2021,1057,0
txctapp1,SA,"Texas Court of Appeals, 1st District (Houston)",2022,1067,0
txctapp1,SA,"Texas Court of Appeals, 1st District (Houston)",2023,884,0
txctapp1,SA,"Texas Court of Appeals, 1st District (Houston)",2024,932,0
txctapp1,SA,"Texas Court of Appeals, 1st District (Houston)",2025,958,0
txctapp10,SA,"Texas Court of Appeals, 10th District (Waco)",1990,99,0
txctapp10,SA,"Texas Court of Appeals, 10th District (Waco)",1991,155,0
txctapp10,SA,"Texas Court of Appeals, 10th District (Waco)",1992,192,0
txctapp10,SA,"Texas Court of Appeals, 10th District (Waco)",1993,176,0
txctapp10,SA,"Texas Court of Appeals, 10th District (Waco)",1994,174,0
txctapp10,SA,"Texas Court of Appeals, 10th District (Waco)",1995,201,0
txctapp10,SA,"Texas Court of Appeals, 10th District (Waco)",1996,216,0
txctapp10,SA,"Texas Court of Appeals, 10th District (Waco)",1997,203,0
txctapp10,SA,"Texas Court of Appeals, 10th District (Waco)",1998,205,0
txctapp10,SA,"Texas Court of Appeals, 10th District (Waco)",1999,239,0
txctapp10,SA,"Texas Court of Appeals, 10th District (Waco)",2000,271,0
txctapp10,SA,"Texas Court of Appeals, 10th District (Waco)",2001,319,0
txctapp10,SA,"Texas Court of Appeals, 10th District (Waco)",2002,311,0
txctapp10,SA,"Texas Court of Appeals, 10th District (Waco)",2003,224,0
txctapp10,SA,"Texas Court of Appeals, 10th District (Waco)",2004,387,0
txctapp10,SA,"Texas Court of Appeals, 10th District (Waco)",2005,475,0
txctapp10,SA,"Texas Court of Appeals, 10th District (Waco)",2006,438,0
txctapp10,SA,"Texas Court of Appeals, 10th District (Waco)",2007,432,0
txctapp10,SA,"Texas Court of Appeals, 10th District (Waco)",2008,572,0
txctapp10,SA,"Texas Court of Appeals, 10th District (Waco)",2009,605,0
txctapp10,SA,"Texas Court of Appeals, 10th District (Waco)",2010,708,0
txctapp10,SA,"Texas Court of Appeals, 10th District (Waco)",2011,517,0
txctapp10,SA,"Texas Court of Appeals, 10th District (Waco)",2012,376,0
txctapp10,SA,"Texas Court of Appeals, 10th District (Waco)",2013,474,0
txctapp10,SA,"Texas Court of Appeals, 10th District (Waco)",2014,499,0
txctapp10,SA,"Texas Court of Appeals, 10th District (Waco)",2015,747,0
txctapp10,SA,"Texas Court of Appeals, 10th District (Waco)",2016,471,0
txctapp10,SA,"Texas Court of Appeals, 10th District (Waco)",2017,307,0
txctapp10,SA,"Texas Court of Appeals, 10th District (Waco)",2018,429,0
txctapp10,SA,"Texas Court of Appeals, 10th District (Waco)",2019,483,0
txctapp10,SA,"Texas Court of Appeals, 10th District (Waco)",2020,238,0
txctapp10,SA,"Texas Court of Appeals, 10th District (Waco)",2021,340,0
txctapp10,SA,"Texas Court of Appeals, 10th District (Waco)",2022,351,0
txctapp10,SA,"Texas Court of Appeals, 10th District (Waco)",2023,265,0
txctapp10,SA,"Texas Court of Appeals, 10th District (Waco)",2024,285,0
txctapp10,SA,"Texas Court of Appeals, 10th District (Waco)",2025,343,0
txctapp11,SA,"Texas Court of Appeals, 11th District (Eastland)",1990,14,0
txctapp11,SA,"Texas Court of Appeals, 11th District (Eastland)",1991,24,0
txctapp11,SA,"Texas Court of Appeals, 11th District (Eastland)",1992,20,0
txctapp11,SA,"Texas Court of Appeals, 11th District (Eastland)",1993,15,0
txctapp11,SA,"Texas Court of Appeals, 11th District (Eastland)",1994,30,0
txctapp11,SA,"Texas Court of Appeals, 11th District (Eastland)",1995,28,0
txctapp11,SA,"Texas Court of Appeals, 11th District (Eastland)",1996,23,0
txctapp11,SA,"Texas Court of Appeals, 11th District (Eastland)",1997,20,0
txctapp11,SA,"Texas Court of Appeals, 11th District (Eastland)",1998,31,0
txctapp11,SA,"Texas Court of Appeals, 11th District (Eastland)",1999,28,0
txctapp11,SA,"Texas Court of Appeals, 11th District (Eastland)",2000,24,0
txctapp11,SA,"Texas Court of Appeals, 11th District (Eastland)",2001,124,0
txctapp11,SA,"Texas Court of Appeals, 11th District (Eastland)",2002,367,0
txctapp11,SA,"Texas Court of Appeals, 11th District (Eastland)",2003,384,0
txctapp11,SA,"Texas Court of Appeals, 11th District (Eastland)",2004,332,0
txctapp11,SA,"Texas Court of Appeals, 11th District (Eastland)",2005,361,0
txctapp11,SA,"Texas Court of Appeals, 11th District (Eastland)",2006,376,0
txctapp11,SA,"Texas Court of Appeals, 11th District (Eastland)",2007,394,0
txctapp11,SA,"Texas Court of Appeals, 11th District (Eastland)",2008,364,0
txctapp11,SA,"Texas Court of Appeals, 11th District (Eastland)",2009,650,0
txctapp11,SA,"Texas Court of Appeals, 11th District (Eastland)",2010,652,0
txctapp11,SA,"Texas Court of Appeals, 11th District (Eastland)",2011,628,0
txctapp11,SA,"Texas Court of Appeals, 11th District (Eastland)",2012,663,0
txctapp11,SA,"Texas Court of Appeals, 11th District (Eastland)",2013,750,0
txctapp11,SA,"Texas Court of Appeals, 11th District (Eastland)",2014,725,0
txctapp11,SA,"Texas Court of Appeals, 11th District (Eastland)",2015,717,0
txctapp11,SA,"Texas Court of Appeals, 11th District (Eastland)",2016,488,0
txctapp11,SA,"Texas Court of Appeals, 11th District (Eastland)",2017,381,0
txctapp11,SA,"Texas Court of Appeals, 11th District (Eastland)",2018,474,0
txctapp11,SA,"Texas Court of Appeals, 11th District (Eastland)",2019,722,0
txctapp11,SA,"Texas Court of Appeals, 11th District (Eastland)",2020,459,0
txctapp11,SA,"Texas Court of Appeals, 11th District (Eastland)",2021,648,0
txctapp11,SA,"Texas Court of Appeals, 11th District (Eastland)",2022,563,0
txctapp11,SA,"Texas Court of Appeals, 11th District (Eastland)",2023,502,0
txctapp11,SA,"Texas Court of Appeals, 11th District (Eastland)",2024,553,0
txctapp11,SA,"Texas Court of Appeals, 11th District (Eastland)",2025,526,0
txctapp12,SA,"Texas Court of Appeals, 12th District (Tyler)",1990,23,0
txctapp12,SA,"Texas Court of Appeals, 12th District (Tyler)",1991,28,0
txctapp12,SA,"Texas Court of Appeals, 12th District (Tyler)",1992,47,0
txctapp12,SA,"Texas Court of Appeals, 12th District (Tyler)",1993,37,0
txctapp12,SA,"Texas Court of Appeals, 12th District (Tyler)",1994,35,0
txctapp12,SA,"Texas Court of Appeals, 12th District (Tyler)",1995,52,0
txctapp12,SA,"Texas Court of Appeals, 12th District (Tyler)",1996,40,0
txctapp12,SA,"Texas Court of Appeals, 12th District (Tyler)",1997,37,0
txctapp12,SA,"Texas Court of Appeals, 12th District (Tyler)",1998,38,0
txctapp12,SA,"Texas Court of Appeals, 12th District (Tyler)",1999,32,0
txctapp12,SA,"Texas Court of Appeals, 12th District (Tyler)",2000,33,0
txctapp12,SA,"Texas Court of Appeals, 12th District (Tyler)",2001,166,0
txctapp12,SA,"Texas Court of Appeals, 12th District (Tyler)",2002,394,0
txctapp12,SA,"Texas Court of Appeals, 12th District (Tyler)",2003,420,0
txctapp12,SA,"Texas Court of Appeals, 12th District (Tyler)",2004,389,0
txctapp12,SA,"Texas Court of Appeals, 12th District (Tyler)",2005,399,0
txctapp12,SA,"Texas Court of Appeals, 12th District (Tyler)",2006,437,0
txctapp12,SA,"Texas Court of Appeals, 12th District (Tyler)",2007,413,0
txctapp12,SA,"Texas Court of Appeals, 12th District (Tyler)",2008,624,0
txctapp12,SA,"Texas Court of Appeals, 12th District (Tyler)",2009,632,0
txctapp12,SA,"Texas Court of Appeals, 12th District (Tyler)",2010,749,0
txctapp12,SA,"Texas Court of Appeals, 12th District (Tyler)",2011,498,0
txctapp12,SA,"Texas Court of Appeals, 12th District (Tyler)",2012,45,0
txctapp12,SA,"Texas Court of Appeals, 12th District (Tyler)",2013,381,0
txctapp12,SA,"Texas Court of Appeals, 12th District (Tyler)",2014,424,0
txctapp12,SA,"Texas Court of Appeals, 12th District (Tyler)",2015,3129,0
txctapp12,SA,"Texas Court of Appeals, 12th District (Tyler)",2016,241,0
txctapp12,SA,"Texas Court of Appeals, 12th District (Tyler)",2017,328,0
txctapp12,SA,"Texas Court of Appeals, 12th District (Tyler)",2018,305,0
txctapp12,SA,"Texas Court of Appeals, 12th District (Tyler)",2019,378,0
txctapp12,SA,"Texas Court of Appeals, 12th District (Tyler)",2020,250,0
txctapp12,SA,"Texas Court of Appeals, 12th District (Tyler)",2021,271,0
txctapp12,SA,"Texas Court of Appeals, 12th District (Tyler)",2022,282,0
txctapp12,SA,"Texas Court of Appeals, 12th District (Tyler)",2023,299,0
txctapp12,SA,"Texas Court of Appeals, 12th District (Tyler)",2024,315,0
txctapp13,SA,"Texas Court of Appeals, 13th District",1990,144,0
txctapp13,SA,"Texas Court of Appeals, 13th District",1991,137,0
txctapp13,SA,"Texas Court of Appeals, 13th District",1992,143,0
txctapp13,SA,"Texas Court of Appeals, 13th District",1993,164,0
txctapp13,SA,"Texas Court of Appeals, 13th District",1994,124,0
txctapp13,SA,"Texas Court of Appeals, 13th District",1995,99,0
txctapp13,SA,"Texas Court of Appeals, 13th District",1996,116,0
txctapp13,SA,"Texas Court of Appeals, 13th District",1997,132,0
txctapp13,SA,"Texas Court of Appeals, 13th District",1998,115,0
txctapp13,SA,"Texas Court of Appeals, 13th District",1999,136,0
txctapp13,SA,"Texas Court of Appeals, 13th District",2000,688,0
txctapp13,SA,"Texas Court of Appeals, 13th District",2001,780,0
txctapp13,SA,"Texas Court of Appeals, 13th District",2002,814,0
txctapp13,SA,"Texas Court of Appeals, 13th District",2003,639,0
txctapp13,SA,"Texas Court of Appeals, 13th District",2004,882,0
txctapp13,SA,"Texas Court of Appeals, 13th District",2005,864,0
txctapp13,SA,"Texas Court of Appeals, 13th District",2006,878,0
txctapp13,SA,"Texas Court of Appeals, 13th District",2007,683,0
txctapp13,SA,"Texas Court of Appeals, 13th District",2008,1500,0
txctapp13,SA,"Texas Court of Appeals, 13th District",2009,1632,0
txctapp13,SA,"Texas Court of Appeals, 13th District",2010,1452,0
txctapp13,SA,"Texas Court of Appeals, 13th District",2011,1271,0
txctapp13,SA,"Texas Court of Appeals, 13th District",2012,712,0
txctapp13,SA,"Texas Court of Appeals, 13th District",2013,992,0
txctapp13,SA,"Texas Court of Appeals, 13th District",2014,1817,0
txctapp13,SA,"Texas Court of Appeals, 13th District",2015,2633,0
txctapp13,SA,"Texas Court of Appeals, 13th District",2016,741,0
txctapp13,SA,"Texas Court of Appeals, 13th District",2017,313,0
txctapp13,SA,"Texas Court of Appeals, 13th District",2018,1248,0
txctapp13,SA,"Texas Court of Appeals, 13th District",2019,1290,0
txctapp13,SA,"Texas Court of Appeals, 13th District",2020,886,0
txctapp13,SA,"Texas Court of Appeals, 13th District",2021,1218,0
txctapp13,SA,"Texas Court of Appeals, 13th District",2022,1317,0
txctapp13,SA,"Texas Court of Appeals, 13th District",2023,926,0
txctapp13,SA,"Texas Court of Appeals, 13th District",2024,1097,0
txctapp13,SA,"Texas Court of Appeals, 13th District",2025,1026,0
txctapp14,SA,"Texas Court of Appeals, 14th District (Houston)",1994,1,0
txctapp14,SA,"Texas Court of Appeals, 14th District (Houston)",1995,92,0
txctapp14,SA,"Texas Court of Appeals, 14th District (Houston)",1996,156,0
txctapp14,SA,"Texas Court of Appeals, 14th District (Houston)",1997,147,0
txctapp14,SA,"Texas Court of Appeals, 14th District (Houston)",1998,150,0
txctapp14,SA,"Texas Court of Appeals, 14th District (Houston)",1999,189,0
txctapp14,SA,"Texas Court of Appeals, 14th District (Houston)",2000,164,0
txctapp14,SA,"Texas Court of Appeals, 14th District (Houston)",2001,165,0
txctapp14,SA,"Texas Court of Appeals, 14th District (Houston)",2002,759,0
txctapp14,SA,"Texas Court of Appeals, 14th District (Houston)",2003,1251,0
txctapp14,SA,"Texas Court of Appeals, 14th District (Houston)",2004,1230,0
txctapp14,SA,"Texas Court of Appeals, 14th District (Houston)",2005,1140,0
txctapp14,SA,"Texas Court of Appeals, 14th District (Houston)",2006,1268,0
txctapp14,SA,"Texas Court of Appeals, 14th District (Houston)",2007,1160,0
txctapp14,SA,"Texas Court of Appeals, 14th District (Houston)",2008,1118,0
txctapp14,SA,"Texas Court of Appeals, 14th District (Houston)",2009,1226,0
txctapp14,SA,"Texas Court of Appeals, 14th District (Houston)",2010,1269,0
txctapp14,SA,"Texas Court of Appeals, 14th District (Houston)",2011,1647,0
txctapp14,SA,"Texas Court of Appeals, 14th District (Houston)",2012,2799,0
txctapp14,SA,"Texas Court of Appeals, 14th District (Houston)",2013,2859,0
txctapp14,SA,"Texas Court of Appeals, 14th District (Houston)",2014,2963,0
txctapp14,SA,"Texas Court of Appeals, 14th District (Houston)",2015,3877,0
txctapp14,SA,"Texas Court of Appeals, 14th District (Houston)",2016,1332,0
txctapp14,SA,"Texas Court of Appeals, 14th District (Houston)",2017,569,0
txctapp14,SA,"Texas Court of Appeals, 14th District (Houston)",2018,1311,0
txctapp14,SA,"Texas Court of Appeals, 14th District (Houston)",2019,1745,0
txctapp14,SA,"Texas Court of Appeals, 14th District (Houston)",2020,1211,0
txctapp14,SA,"Texas Court of Appeals, 14th District (Houston)",2021,1175,0
txctapp14,SA,"Texas Court of Appeals, 14th District (Houston)",2022,1175,0
txctapp14,SA,"Texas Court of Appeals, 14th District (Houston)",2023,825,0
txctapp14,SA,"Texas Court of Appeals, 14th District (Houston)",2024,894,0
txctapp15,SA,"Texas Court of Appeals, 15th District",2015,50,0
txctapp15,SA,"Texas Court of Appeals, 15th District",2016,1,0
txctapp15,SA,"Texas Court of Appeals, 15th District",2024,28,0
txctapp15,SA,"Texas Court of Appeals, 15th District",2025,2261,0
txctapp2,SA,"Texas Court of Appeals, 2nd District (Fort Worth)",1990,1,0
txctapp2,SA,"Texas Court of Appeals, 2nd District (Fort Worth)",1991,2,0
txctapp2,SA,"Texas Court of Appeals, 2nd District (Fort Worth)",1995,3,0
txctapp2,SA,"Texas Court of Appeals, 2nd District (Fort Worth)",1996,6,0
txctapp2,SA,"Texas Court of Appeals, 2nd District (Fort Worth)",1997,6,0
txctapp2,SA,"Texas Court of Appeals, 2nd District (Fort Worth)",1998,6,0
txctapp2,SA,"Texas Court of Appeals, 2nd District (Fort Worth)",2002,12,0
txctapp2,SA,"Texas Court of Appeals, 2nd District (Fort Worth)",2003,1684,0
txctapp2,SA,"Texas Court of Appeals, 2nd District (Fort Worth)",2004,1626,0
txctapp2,SA,"Texas Court of Appeals, 2nd District (Fort Worth)",2005,1695,0
txctapp2,SA,"Texas Court of Appeals, 2nd District (Fort Worth)",2006,1689,0
txctapp2,SA,"Texas Court of Appeals, 2nd District (Fort Worth)",2007,1499,0
txctapp2,SA,"Texas Court of Appeals, 2nd District (Fort Worth)",2008,2279,1
txctapp2,SA,"Texas Court of Appeals, 2nd District (Fort Worth)",2009,2386,0
txctapp2,SA,"Texas Court of Appeals, 2nd District (Fort Worth)",2010,2028,0
txctapp2,SA,"Texas Court of Appeals, 2nd District (Fort Worth)",2011,1753,0
txctapp2,SA,"Texas Court of Appeals, 2nd District (Fort Worth)",2012,1613,0
txctapp2,SA,"Texas Court of Appeals, 2nd District (Fort Worth)",2013,1541,0
txctapp2,SA,"Texas Court of Appeals, 2nd District (Fort Worth)",2014,1557,0
txctapp2,SA,"Texas Court of Appeals, 2nd District (Fort Worth)",2015,1774,0
txctapp2,SA,"Texas Court of Appeals, 2nd District (Fort Worth)",2016,921,0
txctapp2,SA,"Texas Court of Appeals, 2nd District (Fort Worth)",2017,450,0
txctapp2,SA,"Texas Court of Appeals, 2nd District (Fort Worth)",2018,1217,0
txctapp2,SA,"Texas Court of Appeals, 2nd District (Fort Worth)",2019,1400,0
txctapp2,SA,"Texas Court of Appeals, 2nd District (Fort Worth)",2020,926,0
txctapp2,SA,"Texas Court of Appeals, 2nd District (Fort Worth)",2021,1081,0
txctapp2,SA,"Texas Court of Appeals, 2nd District (Fort Worth)",2022,1086,0
txctapp2,SA,"Texas Court of Appeals, 2nd District (Fort Worth)",2023,1017,0
txctapp2,SA,"Texas Court of Appeals, 2nd District (Fort Worth)",2024,1101,0
txctapp2,SA,"Texas Court of Appeals, 2nd District (Fort Worth)",2025,1480,0
txctapp3,SA,"Texas Court of Appeals, 3rd District (Austin)",1991,202,0
txctapp3,SA,"Texas Court of Appeals, 3rd District (Austin)",1992,524,0
txctapp3,SA,"Texas Court of Appeals, 3rd District (Austin)",1993,544,0
txctapp3,SA,"Texas Court of Appeals, 3rd District (Austin)",1994,490,0
txctapp3,SA,"Texas Court of Appeals, 3rd District (Austin)",1995,821,0
txctapp3,SA,"Texas Court of Appeals, 3rd District (Austin)",1996,773,0
txctapp3,SA,"Texas Court of Appeals, 3rd District (Austin)",1997,718,0
txctapp3,SA,"Texas Court of Appeals, 3rd District (Austin)",1998,802,0
txctapp3,SA,"Texas Court of Appeals, 3rd District (Austin)",1999,917,0
txctapp3,SA,"Texas Court of Appeals, 3rd District (Austin)",2000,937,0
txctapp3,SA,"Texas Court of Appeals, 3rd District (Austin)",2001,1277,0
txctapp3,SA,"Texas Court of Appeals, 3rd District (Austin)",2002,1720,0
txctapp3,SA,"Texas Court of Appeals, 3rd District (Austin)",2003,1598,0
txctapp3,SA,"Texas Court of Appeals, 3rd District (Austin)",2004,1542,0
txctapp3,SA,"Texas Court of Appeals, 3rd District (Austin)",2005,1704,0
txctapp3,SA,"Texas Court of Appeals, 3rd District (Austin)",2006,1810,0
txctapp3,SA,"Texas Court of Appeals, 3rd District (Austin)",2007,1536,0
txctapp3,SA,"Texas Court of Appeals, 3rd District (Austin)",2008,1962,0
txctapp3,SA,"Texas Court of Appeals, 3rd District (Austin)",2009,1856,0
txctapp3,SA,"Texas Court of Appeals, 3rd District (Austin)",2010,1975,0
txctapp3,SA,"Texas Court of Appeals, 3rd District (Austin)",2011,1504,0
txctapp3,SA,"Texas Court of Appeals, 3rd District (Austin)",2012,1597,0
txctapp3,SA,"Texas Court of Appeals, 3rd District (Austin)",2013,1576,0
txctapp3,SA,"Texas Court of Appeals, 3rd District (Austin)",2014,1829,0
txctapp3,SA,"Texas Court of Appeals, 3rd District (Austin)",2015,5314,0
txctapp3,SA,"Texas Court of Appeals, 3rd District (Austin)",2016,1120,0
txctapp3,SA,"Texas Court of Appeals, 3rd District (Austin)",2017,496,0
txctapp3,SA,"Texas Court of Appeals, 3rd District (Austin)",2018,971,0
txctapp3,SA,"Texas Court of Appeals, 3rd District (Austin)",2019,1320,0
txctapp3,SA,"Texas Court of Appeals, 3rd District (Austin)",2020,988,0
txctapp3,SA,"Texas Court of Appeals, 3rd District (Austin)",2021,1150,0
txctapp3,SA,"Texas Court of Appeals, 3rd District (Austin)",2022,1162,0
txctapp3,SA,"Texas Court of Appeals, 3rd District (Austin)",2023,959,0
txctapp3,SA,"Texas Court of Appeals, 3rd District (Austin)",2024,1087,0
txctapp3,SA,"Texas Court of Appeals, 3rd District (Austin)",2025,1388,0
txctapp4,SA,"Texas Court of Appeals, 4th District (San Antonio)",1990,94,0
txctapp4,SA,"Texas Court of Appeals, 4th District (San Antonio)",1991,100,0
txctapp4,SA,"Texas Court of Appeals, 4th District (San Antonio)",1992,78,0
txctapp4,SA,"Texas Court of Appeals, 4th District (San Antonio)",1993,67,0
txctapp4,SA,"Texas Court of Appeals, 4th District (San Antonio)",1994,71,0
txctapp4,SA,"Texas Court of Appeals, 4th District (San Antonio)",1995,126,0
txctapp4,SA,"Texas Court of Appeals, 4th District (San Antonio)",1996,152,0
txctapp4,SA,"Texas Court of Appeals, 4th District (San Antonio)",1997,170,0
txctapp4,SA,"Texas Court of Appeals, 4th District (San Antonio)",1998,294,0
txctapp4,SA,"Texas Court of Appeals, 4th District (San Antonio)",1999,331,0
txctapp4,SA,"Texas Court of Appeals, 4th District (San Antonio)",2000,292,0
txctapp4,SA,"Texas Court of Appeals, 4th District (San Antonio)",2001,294,0
txctapp4,SA,"Texas Court of Appeals, 4th District (San Antonio)",2002,310,0
txctapp4,SA,"Texas Court of Appeals, 4th District (San Antonio)",2003,291,0
txctapp4,SA,"Texas Court of Appeals, 4th District (San Antonio)",2004,284,0
txctapp4,SA,"Texas Court of Appeals, 4th District (San Antonio)",2005,293,0
txctapp4,SA,"Texas Court of Appeals, 4th District (San Antonio)",2006,260,0
txctapp4,SA,"Texas Court of Appeals, 4th District (San Antonio)",2007,240,0
txctapp4,SA,"Texas Court of Appeals, 4th District (San Antonio)",2008,748,0
txctapp4,SA,"Texas Court of Appeals, 4th District (San Antonio)",2009,1095,0
txctapp4,SA,"Texas Court of Appeals, 4th District (San Antonio)",2010,1068,0
txctapp4,SA,"Texas Court of Appeals, 4th District (San Antonio)",2011,1044,0
txctapp4,SA,"Texas Court of Appeals, 4th District (San Antonio)",2012,815,0
txctapp4,SA,"Texas Court of Appeals, 4th District (San Antonio)",2013,1799,0
txctapp4,SA,"Texas Court of Appeals, 4th District (San Antonio)",2014,4546,0
txctapp4,SA,"Texas Court of Appeals, 4th District (San Antonio)",2015,6546,0
txctapp4,SA,"Texas Court of Appeals, 4th District (San Antonio)",2016,2047,0
txctapp4,SA,"Texas Court of Appeals, 4th District (San Antonio)",2017,1337,0
txctapp4,SA,"Texas Court of Appeals, 4th District (San Antonio)",2018,3241,0
txctapp4,SA,"Texas Court of Appeals, 4th District (San Antonio)",2019,3652,0
txctapp4,SA,"Texas Court of Appeals, 4th District (San Antonio)",2020,2336,0
txctapp4,SA,"Texas Court of Appeals, 4th District (San Antonio)",2021,2323,0
txctapp4,SA,"Texas Court of Appeals, 4th District (San Antonio)",2022,2597,0
txctapp4,SA,"Texas Court of Appeals, 4th District (San Antonio)",2023,1385,0
txctapp4,SA,"Texas Court of Appeals, 4th District (San Antonio)",2024,1268,0
txctapp4,SA,"Texas Court of Appeals, 4th District (San Antonio)",2025,1772,0
txctapp5,SA,"Texas Court of Appeals, 5th District (Dallas)",1990,156,0
txctapp5,SA,"Texas Court of Appeals, 5th District (Dallas)",1991,131,0
txctapp5,SA,"Texas Court of Appeals, 5th District (Dallas)",1992,170,0
txctapp5,SA,"Texas Court of Appeals, 5th District (Dallas)",1993,119,0
txctapp5,SA,"Texas Court of Appeals, 5th District (Dallas)",1994,108,0
txctapp5,SA,"Texas Court of Appeals, 5th District (Dallas)",1995,76,0
txctapp5,SA,"Texas Court of Appeals, 5th District (Dallas)",1996,69,0
txctapp5,SA,"Texas Court of Appeals, 5th District (Dallas)",1997,81,0
txctapp5,SA,"Texas Court of Appeals, 5th District (Dallas)",1998,89,0
txctapp5,SA,"Texas Court of Appeals, 5th District (Dallas)",1999,105,0
txctapp5,SA,"Texas Court of Appeals, 5th District (Dallas)",2000,99,0
txctapp5,SA,"Texas Court of Appeals, 5th District (Dallas)",2001,81,0
txctapp5,SA,"Texas Court of Appeals, 5th District (Dallas)",2002,67,0
txctapp5,SA,"Texas Court of Appeals, 5th District (Dallas)",2003,162,0
txctapp5,SA,"Texas Court of Appeals, 5th District (Dallas)",2004,167,0
txctapp5,SA,"Texas Court of Appeals, 5th District (Dallas)",2005,201,0
txctapp5,SA,"Texas Court of Appeals, 5th District (Dallas)",2006,213,0
txctapp5,SA,"Texas Court of Appeals, 5th District (Dallas)",2007,207,0
txctapp5,SA,"Texas Court of Appeals, 5th District (Dallas)",2008,251,0
txctapp5,SA,"Texas Court of Appeals, 5th District (Dallas)",2009,186,0
txctapp5,SA,"Texas Court of Appeals, 5th District (Dallas)",2010,213,0
txctapp5,SA,"Texas Court of Appeals, 5th District (Dallas)",2011,188,0
txctapp5,SA,"Texas Court of Appeals, 5th District (Dallas)",2012,1229,0
txctapp5,SA,"Texas Court of Appeals, 5th District (Dallas)",2013,4730,0
txctapp5,SA,"Texas Court of Appeals, 5th District (Dallas)",2014,4594,0
txctapp5,SA,"Texas Court of Appeals, 5th District (Dallas)",2015,5212,0
txctapp5,SA,"Texas Court of Appeals, 5th District (Dallas)",2016,1610,0
txctapp5,SA,"Texas Court of Appeals, 5th District (Dallas)",2017,967,0
txctapp5,SA,"Texas Court of Appeals, 5th District (Dallas)",2018,2600,0
txctapp5,SA,"Texas Court of Appeals, 5th District (Dallas)",2019,3656,0
txctapp5,SA,"Texas Court of Appeals, 5th District (Dallas)",2020,2187,0
txctapp5,SA,"Texas Court of Appeals, 5th District (Dallas)",2021,2077,0
txctapp5,SA,"Texas Court of Appeals, 5th District (Dallas)",2022,2330,0
txctapp5,SA,"Texas Court of Appeals, 5th District (Dallas)",2023,1229,0
txctapp5,SA,"Texas Court of Appeals, 5th District (Dallas)",2024,1175,0
txctapp5,SA,"Texas Court of Appeals, 5th District (Dallas)",2025,25,0
txctapp6,SA,"Texas Court of Appeals, 6th District (Texarkana)",1992,1,0
txctapp6,SA,"Texas Court of Appeals, 6th District (Texarkana)",1993,32,0
txctapp6,SA,"Texas Court of Appeals, 6th District (Texarkana)",1994,62,0
txctapp6,SA,"Texas Court of Appeals, 6th District (Texarkana)",1995,76,0
txctapp6,SA,"Texas Court of Appeals, 6th District (Texarkana)",1996,69,0
txctapp6,SA,"Texas Court of Appeals, 6th District (Texarkana)",1997,65,0
txctapp6,SA,"Texas Court of Appeals, 6th District (Texarkana)",1998,82,0
txctapp6,SA,"Texas Court of Appeals, 6th District (Texarkana)",1999,101,0
txctapp6,SA,"Texas Court of Appeals, 6th District (Texarkana)",2000,119,0
txctapp6,SA,"Texas Court of Appeals, 6th District (Texarkana)",2001,213,0
txctapp6,SA,"Texas Court of Appeals, 6th District (Texarkana)",2002,547,0
txctapp6,SA,"Texas Court of Appeals, 6th District (Texarkana)",2003,639,0
txctapp6,SA,"Texas Court of Appeals, 6th District (Texarkana)",2004,485,0
txctapp6,SA,"Texas Court of Appeals, 6th District (Texarkana)",2005,505,0
txctapp6,SA,"Texas Court of Appeals, 6th District (Texarkana)",2006,492,0
txctapp6,SA,"Texas Court of Appeals, 6th District (Texarkana)",2007,488,0
txctapp6,SA,"Texas Court of Appeals, 6th District (Texarkana)",2008,832,0
txctapp6,SA,"Texas Court of Appeals, 6th District (Texarkana)",2009,651,0
txctapp6,SA,"Texas Court of Appeals, 6th District (Texarkana)",2010,720,0
txctapp6,SA,"Texas Court of Appeals, 6th District (Texarkana)",2011,744,0
txctapp6,SA,"Texas Court of Appeals, 6th District (Texarkana)",2012,391,0
txctapp6,SA,"Texas Court of Appeals, 6th District (Texarkana)",2013,774,0
txctapp6,SA,"Texas Court of Appeals, 6th District (Texarkana)",2014,832,0
txctapp6,SA,"Texas Court of Appeals, 6th District (Texarkana)",2015,1941,0
txctapp6,SA,"Texas Court of Appeals, 6th District (Texarkana)",2016,613,0
txctapp6,SA,"Texas Court of Appeals, 6th District (Texarkana)",2017,364,0
txctapp6,SA,"Texas Court of Appeals, 6th District (Texarkana)",2018,630,0
txctapp6,SA,"Texas Court of Appeals, 6th District (Texarkana)",2019,845,0
txctapp6,SA,"Texas Court of Appeals, 6th District (Texarkana)",2020,512,0
txctapp6,SA,"Texas Court of Appeals, 6th District (Texarkana)",2021,389,0
txctapp6,SA,"Texas Court of Appeals, 6th District (Texarkana)",2022,526,0
txctapp6,SA,"Texas Court of Appeals, 6th District (Texarkana)",2023,611,0
txctapp6,SA,"Texas Court of Appeals, 6th District (Texarkana)",2024,597,0
txctapp6,SA,"Texas Court of Appeals, 6th District (Texarkana)",2025,664,0
txctapp7,SA,"Texas Court of Appeals, 7th District (Amarillo)",1990,34,0
txctapp7,SA,"Texas Court of Appeals, 7th District (Amarillo)",1991,30,0
txctapp7,SA,"Texas Court of Appeals, 7th District (Amarillo)",1992,45,0
txctapp7,SA,"Texas Court of Appeals, 7th District (Amarillo)",1993,40,0
txctapp7,SA,"Texas Court of Appeals, 7th District (Amarillo)",1994,47,0
txctapp7,SA,"Texas Court of Appeals, 7th District (Amarillo)",1995,64,0
txctapp7,SA,"Texas Court of Appeals, 7th District (Amarillo)",1996,60,0
txctapp7,SA,"Texas Court of Appeals, 7th District (Amarillo)",1997,53,0
txctapp7,SA,"Texas Court of Appeals, 7th District (Amarillo)",1998,78,0
txctapp7,SA,"Texas Court of Appeals, 7th District (Amarillo)",1999,69,0
txctapp7,SA,"Texas Court of Appeals, 7th District (Amarillo)",2000,454,0
txctapp7,SA,"Texas Court of Appeals, 7th District (Amarillo)",2001,1136,0
txctapp7,SA,"Texas Court of Appeals, 7th District (Amarillo)",2002,1757,0
txctapp7,SA,"Texas Court of Appeals, 7th District (Amarillo)",2003,1714,0
txctapp7,SA,"Texas Court of Appeals, 7th District (Amarillo)",2004,1745,0
txctapp7,SA,"Texas Court of Appeals, 7th District (Amarillo)",2005,1743,0
txctapp7,SA,"Texas Court of Appeals, 7th District (Amarillo)",2006,1734,0
txctapp7,SA,"Texas Court of Appeals, 7th District (Amarillo)",2007,1649,0
txctapp7,SA,"Texas Court of Appeals, 7th District (Amarillo)",2008,1785,0
txctapp7,SA,"Texas Court of Appeals, 7th District (Amarillo)",2009,1717,0
txctapp7,SA,"Texas Court of Appeals, 7th District (Amarillo)",2010,1528,0
txctapp7,SA,"Texas Court of Appeals, 7th District (Amarillo)",2011,1550,0
txctapp7,SA,"Texas Court of Appeals, 7th District (Amarillo)",2012,1090,0
txctapp7,SA,"Texas Court of Appeals, 7th District (Amarillo)",2013,648,0
txctapp7,SA,"Texas Court of Appeals, 7th District (Amarillo)",2014,595,0
txctapp7,SA,"Texas Court of Appeals, 7th District (Amarillo)",2015,813,0
txctapp7,SA,"Texas Court of Appeals, 7th District (Amarillo)",2016,285,0
txctapp7,SA,"Texas Court of Appeals, 7th District (Amarillo)",2017,197,0
txctapp7,SA,"Texas Court of Appeals, 7th District (Amarillo)",2018,359,0
txctapp7,SA,"Texas Court of Appeals, 7th District (Amarillo)",2019,512,0
txctapp7,SA,"Texas Court of Appeals, 7th District (Amarillo)",2020,319,0
txctapp7,SA,"Texas Court of Appeals, 7th District (Amarillo)",2021,369,0
txctapp7,SA,"Texas Court of Appeals, 7th District (Amarillo)",2022,308,0
txctapp7,SA,"Texas Court of Appeals, 7th District (Amarillo)",2023,418,0
txctapp7,SA,"Texas Court of Appeals, 7th District (Amarillo)",2024,445,0
txctapp7,SA,"Texas Court of Appeals, 7th District (Amarillo)",2025,411,0
txctapp8,SA,"Texas Court of Appeals, 8th District (El Paso)",1990,75,0
txctapp8,SA,"Texas Court of Appeals, 8th District (El Paso)",1991,60,0
txctapp8,SA,"Texas Court of Appeals, 8th District (El Paso)",1992,85,0
txctapp8,SA,"Texas Court of Appeals, 8th District (El Paso)",1993,85,0
txctapp8,SA,"Texas Court of Appeals, 8th District (El Paso)",1994,95,0
txctapp8,SA,"Texas Court of Appeals, 8th District (El Paso)",1995,92,0
txctapp8,SA,"Texas Court of Appeals, 8th District (El Paso)",1996,80,0
txctapp8,SA,"Texas Court of Appeals, 8th District (El Paso)",1997,77,0
txctapp8,SA,"Texas Court of Appeals, 8th District (El Paso)",1998,54,0
txctapp8,SA,"Texas Court of Appeals, 8th District (El Paso)",1999,56,0
txctapp8,SA,"Texas Court of Appeals, 8th District (El Paso)",2000,55,0
txctapp8,SA,"Texas Court of Appeals, 8th District (El Paso)",2001,45,0
txctapp8,SA,"Texas Court of Appeals, 8th District (El Paso)",2002,306,0
txctapp8,SA,"Texas Court of Appeals, 8th District (El Paso)",2003,605,0
txctapp8,SA,"Texas Court of Appeals, 8th District (El Paso)",2004,617,0
txctapp8,SA,"Texas Court of Appeals, 8th District (El Paso)",2005,656,0
txctapp8,SA,"Texas Court of Appeals, 8th District (El Paso)",2006,446,0
txctapp8,SA,"Texas Court of Appeals, 8th District (El Paso)",2007,381,0
txctapp8,SA,"Texas Court of Appeals, 8th District (El Paso)",2008,555,0
txctapp8,SA,"Texas Court of Appeals, 8th District (El Paso)",2009,783,0
txctapp8,SA,"Texas Court of Appeals, 8th District (El Paso)",2010,974,0
txctapp8,SA,"Texas Court of Appeals, 8th District (El Paso)",2011,798,0
txctapp8,SA,"Texas Court of Appeals, 8th District (El Paso)",2012,703,0
txctapp8,SA,"Texas Court of Appeals, 8th District (El Paso)",2013,810,0
txctapp8,SA,"Texas Court of Appeals, 8th District (El Paso)",2014,1011,0
txctapp8,SA,"Texas Court of Appeals, 8th District (El Paso)",2015,857,0
txctapp8,SA,"Texas Court of Appeals, 8th District (El Paso)",2016,707,0
txctapp8,SA,"Texas Court of Appeals, 8th District (El Paso)",2017,606,0
txctapp8,SA,"Texas Court of Appeals, 8th District (El Paso)",2018,718,0
txctapp8,SA,"Texas Court of Appeals, 8th District (El Paso)",2019,998,0
txctapp8,SA,"Texas Court of Appeals, 8th District (El Paso)",2020,659,0
txctapp8,SA,"Texas Court of Appeals, 8th District (El Paso)",2021,795,0
txctapp8,SA,"Texas Court of Appeals, 8th District (El Paso)",2022,625,0
txctapp8,SA,"Texas Court of Appeals, 8th District (El Paso)",2023,682,0
txctapp8,SA,"Texas Court of Appeals, 8th District (El Paso)",2024,700,0
txctapp8,SA,"Texas Court of Appeals, 8th District (El Paso)",2025,697,0
txctapp9,SA,"Texas Court of Appeals, 9th District (Beaumont)",1990,42,0
txctapp9,SA,"Texas Court of Appeals, 9th District (Beaumont)",1991,40,0
txctapp9,SA,"Texas Court of Appeals, 9th District (Beaumont)",1992,40,0
txctapp9,SA,"Texas Court of Appeals, 9th District (Beaumont)",1993,48,0
txctapp9,SA,"Texas Court of Appeals, 9th District (Beaumont)",1994,65,0
txctapp9,SA,"Texas Court of Appeals, 9th District (Beaumont)",1995,42,0
txctapp9,SA,"Texas Court of Appeals, 9th District (Beaumont)",1996,50,0
txctapp9,SA,"Texas Court of Appeals, 9th District (Beaumont)",1997,47,0
txctapp9,SA,"Texas Court of Appeals, 9th District (Beaumont)",1998,66,0
txctapp9,SA,"Texas Court of Appeals, 9th District (Beaumont)",1999,65,0
txctapp9,SA,"Texas Court of Appeals, 9th District (Beaumont)",2000,61,0
txctapp9,SA,"Texas Court of Appeals, 9th District (Beaumont)",2001,115,0
txctapp9,SA,"Texas Court of Appeals, 9th District (Beaumont)",2002,254,0
txctapp9,SA,"Texas Court of Appeals, 9th District (Beaumont)",2003,433,0
txctapp9,SA,"Texas Court of Appeals, 9th District (Beaumont)",2004,501,0
txctapp9,SA,"Texas Court of Appeals, 9th District (Beaumont)",2005,475,0
txctapp9,SA,"Texas Court of Appeals, 9th District (Beaumont)",2006,468,0
txctapp9,SA,"Texas Court of Appeals, 9th District (Beaumont)",2007,586,0
txctapp9,SA,"Texas Court of Appeals, 9th District (Beaumont)",2008,504,0
txctapp9,SA,"Texas Court of Appeals, 9th District (Beaumont)",2009,489,0
txctapp9,SA,"Texas Court of Appeals, 9th District (Beaumont)",2010,109,0
txctapp9,SA,"Texas Court of Appeals, 9th District (Beaumont)",2011,33,0
txctapp9,SA,"Texas Court of Appeals, 9th District (Beaumont)",2012,107,0
txctapp9,SA,"Texas Court of Appeals, 9th District (Beaumont)",2013,580,0
txctapp9,SA,"Texas Court of Appeals, 9th District (Beaumont)",2014,430,0
txctapp9,SA,"Texas Court of Appeals, 9th District (Beaumont)",2015,408,0
txctapp9,SA,"Texas Court of Appeals, 9th District (Beaumont)",2016,278,0
txctapp9,SA,"Texas Court of Appeals, 9th District (Beaumont)",2017,230,0
txctapp9,SA,"Texas Court of Appeals, 9th District (Beaumont)",2018,461,0
txctapp9,SA,"Texas Court of Appeals, 9th District (Beaumont)",2019,411,0
txctapp9,SA,"Texas Court of Appeals, 9th District (Beaumont)",2020,279,0
txctapp9,SA,"Texas Court of Appeals, 9th District (Beaumont)",2021,358,0
txctapp9,SA,"Texas Court of Appeals, 9th District (Beaumont)",2022,391,0
txctapp9,SA,"Texas Court of Appeals, 9th District (Beaumont)",2023,388,0
txctapp9,SA,"Texas Court of Appeals, 9th District (Beaumont)",2024,345,0
txctapp9,SA,"Texas Court of Appeals, 9th District (Beaumont)",2025,386,0
utah,S,Utah Supreme Court,1990,101,0
utah,S,Utah Supreme Court,1991,104,0
utah,S,Utah Supreme Court,1992,96,0
utah,S,Utah Supreme Court,1993,131,0
utah,S,Utah Supreme Court,1994,91,0
utah,S,Utah Supreme Court,1995,81,0
utah,S,Utah Supreme Court,1996,106,0
utah,S,Utah Supreme Court,1997,101,0
utah,S,Utah Supreme Court,1998,89,0
utah,S,Utah Supreme Court,1999,113,0
utah,S,Utah Supreme Court,2000,101,0
utah,S,Utah Supreme Court,2001,115,0
utah,S,Utah Supreme Court,2002,132,0
utah,S,Utah Supreme Court,2003,57,0
utah,S,Utah Supreme Court,2004,127,0
utah,S,Utah Supreme Court,2005,196,0
utah,S,Utah Supreme Court,2006,152,0
utah,S,Utah Supreme Court,2007,170,0
utah,S,Utah Supreme Court,2008,191,0
utah,S,Utah Supreme Court,2009,189,0
utah,S,Utah Supreme Court,2010,154,0
utah,S,Utah Supreme Court,2011,171,0
utah,S,Utah Supreme Court,2012,120,0
utah,S,Utah Supreme Court,2013,121,0
utah,S,Utah Supreme Court,2014,72,0
utah,S,Utah Supreme Court,2015,130,0
utah,S,Utah Supreme Court,2016,133,0
utah,S,Utah Supreme Court,2017,257,0
utah,S,Utah Supreme Court,2018,239,0
utah,S,Utah Supreme Court,2019,121,0
utah,S,Utah Supreme Court,2020,66,0
utah,S,Utah Supreme Court,2021,66,0
utah,S,Utah Supreme Court,2022,40,0
utah,S,Utah Supreme Court,2023,25,0
utah,S,Utah Supreme Court,2024,43,0
utah,S,Utah Supreme Court,2025,59,0
utahctapp,SA,Court of Appeals of Utah,1990,202,0
utahctapp,SA,Court of Appeals of Utah,1991,179,0
utahctapp,SA,Court of Appeals of Utah,1992,196,0
utahctapp,SA,Court of Appeals of Utah,1993,209,0
utahctapp,SA,Court of Appeals of Utah,1994,188,0
utahctapp,SA,Court of Appeals of Utah,1995,137,0
utahctapp,SA,Court of Appeals of Utah,1996,128,0
utahctapp,SA,Court of Appeals of Utah,1997,135,0
utahctapp,SA,Court of Appeals of Utah,1998,131,0
utahctapp,SA,Court of Appeals of Utah,1999,129,0
utahctapp,SA,Court of Appeals of Utah,2000,111,0
utahctapp,SA,Court of Appeals of Utah,2001,116,0
utahctapp,SA,Court of Appeals of Utah,2002,124,0
utahctapp,SA,Court of Appeals of Utah,2003,136,0
utahctapp,SA,Court of Appeals of Utah,2004,141,0
utahctapp,SA,Court of Appeals of Utah,2005,152,0
utahctapp,SA,Court of Appeals of Utah,2006,162,0
utahctapp,SA,Court of Appeals of Utah,2007,153,0
utahctapp,SA,Court of Appeals of Utah,2008,156,0
utahctapp,SA,Court of Appeals of Utah,2009,134,0
utahctapp,SA,Court of Appeals of Utah,2010,130,0
utahctapp,SA,Court of Appeals of Utah,2011,470,0
utahctapp,SA,Court of Appeals of Utah,2012,466,0
utahctapp,SA,Court of Appeals of Utah,2013,344,0
utahctapp,SA,Court of Appeals of Utah,2014,344,0
utahctapp,SA,Court of Appeals of Utah,2015,364,0
utahctapp,SA,Court of Appeals of Utah,2016,291,0
utahctapp,SA,Court of Appeals of Utah,2017,287,0
utahctapp,SA,Court of Appeals of Utah,2018,244,0
utahctapp,SA,Court of Appeals of Utah,2019,208,0
utahctapp,SA,Court of Appeals of Utah,2020,173,0
utahctapp,SA,Court of Appeals of Utah,2021,132,0
utahctapp,SA,Court of Appeals of Utah,2022,153,0
utahctapp,SA,Court of Appeals of Utah,2023,149,0
utahctapp,SA,Court of Appeals of Utah,2024,197,0
utahctapp,SA,Court of Appeals of Utah,2025,205,0
va,S,Supreme Court of Virginia,1990,156,0
va,S,Supreme Court of Virginia,1991,136,0
va,S,Supreme Court of Virginia,1992,132,0
va,S,Supreme Court of Virginia,1993,138,0
va,S,Supreme Court of Virginia,1994,159,0
va,S,Supreme Court of Virginia,1995,150,0
va,S,Supreme Court of Virginia,1996,124,0
va,S,Supreme Court of Virginia,1997,139,0
va,S,Supreme Court of Virginia,1998,157,0
va,S,Supreme Court of Virginia,1999,139,0
va,S,Supreme Court of Virginia,2000,158,0
va,S,Supreme Court of Virginia,2001,149,0
va,S,Supreme Court of Virginia,2002,134,0
va,S,Supreme Court of Virginia,2003,118,0
va,S,Supreme Court of Virginia,2004,157,0
va,S,Supreme Court of Virginia,2005,111,0
va,S,Supreme Court of Virginia,2006,117,0
va,S,Supreme Court of Virginia,2007,134,0
va,S,Supreme Court of Virginia,2008,113,0
va,S,Supreme Court of Virginia,2009,110,0
va,S,Supreme Court of Virginia,2010,113,0
va,S,Supreme Court of Virginia,2011,107,0
va,S,Supreme Court of Virginia,2012,113,0
va,S,Supreme Court of Virginia,2013,64,0
va,S,Supreme Court of Virginia,2014,85,0
va,S,Supreme Court of Virginia,2015,78,0
va,S,Supreme Court of Virginia,2016,94,0
va,S,Supreme Court of Virginia,2017,90,0
va,S,Supreme Court of Virginia,2018,87,0
va,S,Supreme Court of Virginia,2019,81,0
va,S,Supreme Court of Virginia,2020,59,0
va,S,Supreme Court of Virginia,2021,57,0
va,S,Supreme Court of Virginia,2022,47,0
va,S,Supreme Court of Virginia,2023,32,0
va,S,Supreme Court of Virginia,2024,28,0
va,S,Supreme Court of Virginia,2025,36,0
vactapp,SA,Court of Appeals of Virginia,1990,199,0
vactapp,SA,Court of Appeals of Virginia,1991,271,0
vactapp,SA,Court of Appeals of Virginia,1992,245,0
vactapp,SA,Court of Appeals of Virginia,1993,256,0
vactapp,SA,Court of Appeals of Virginia,1994,227,0
vactapp,SA,Court of Appeals of Virginia,1995,231,441
vactapp,SA,Court of Appeals of Virginia,1996,228,610
vactapp,SA,Court of Appeals of Virginia,1997,225,612
vactapp,SA,Court of Appeals of Virginia,1998,237,447
vactapp,SA,Court of Appeals of Virginia,1999,228,463
vactapp,SA,Court of Appeals of Virginia,2000,291,582
vactapp,SA,Court of Appeals of Virginia,2001,199,505
vactapp,SA,Court of Appeals of Virginia,2002,199,490
vactapp,SA,Court of Appeals of Virginia,2003,164,452
vactapp,SA,Court of Appeals of Virginia,2004,188,407
vactapp,SA,Court of Appeals of Virginia,2005,165,381
vactapp,SA,Court of Appeals of Virginia,2006,115,403
vactapp,SA,Court of Appeals of Virginia,2007,127,381
vactapp,SA,Court of Appeals of Virginia,2008,148,438
vactapp,SA,Court of Appeals of Virginia,2009,150,436
vactapp,SA,Court of Appeals of Virginia,2010,116,400
vactapp,SA,Court of Appeals of Virginia,2011,103,326
vactapp,SA,Court of Appeals of Virginia,2012,132,287
vactapp,SA,Court of Appeals of Virginia,2013,93,301
vactapp,SA,Court of Appeals of Virginia,2014,90,330
vactapp,SA,Court of Appeals of Virginia,2015,98,296
vactapp,SA,Court of Appeals of Virginia,2016,77,291
vactapp,SA,Court of Appeals of Virginia,2017,69,276
vactapp,SA,Court of Appeals of Virginia,2018,78,291
vactapp,SA,Court of Appeals of Virginia,2019,87,228
vactapp,SA,Court of Appeals of Virginia,2020,73,244
vactapp,SA,Court of Appeals of Virginia,2021,63,175
vactapp,SA,Court of Appeals of Virginia,2022,98,594
vactapp,SA,Court of Appeals of Virginia,2023,129,713
vactapp,SA,Court of Appeals of Virginia,2024,156,585
vactapp,SA,Court of Appeals of Virginia,2025,123,645
vt,S,Supreme Court of Vermont,1990,219,0
vt,S,Supreme Court of Vermont,1991,204,0
vt,S,Supreme Court of Vermont,1992,169,0
vt,S,Supreme Court of Vermont,1993,179,0
vt,S,Supreme Court of Vermont,1994,150,0
vt,S,Supreme Court of Vermont,1995,151,0
vt,S,Supreme Court of Vermont,1996,141,0
vt,S,Supreme Court of Vermont,1997,124,0
vt,S,Supreme Court of Vermont,1998,143,0
vt,S,Supreme Court of Vermont,1999,154,0
vt,S,Supreme Court of Vermont,2000,158,0
vt,S,Supreme Court of Vermont,2001,145,1
vt,S,Supreme Court of Vermont,2002,143,0
vt,S,Supreme Court of Vermont,2003,113,0
vt,S,Supreme Court of Vermont,2004,131,0
vt,S,Supreme Court of Vermont,2005,138,0
vt,S,Supreme Court of Vermont,2006,160,0
vt,S,Supreme Court of Vermont,2007,245,0
vt,S,Supreme Court of Vermont,2008,320,0
vt,S,Supreme Court of Vermont,2009,319,0
vt,S,Supreme Court of Vermont,2010,299,0
vt,S,Supreme Court of Vermont,2011,298,131
vt,S,Supreme Court of Vermont,2012,109,94
vt,S,Supreme Court of Vermont,2013,159,144
vt,S,Supreme Court of Vermont,2014,152,137
vt,S,Supreme Court of Vermont,2015,315,179
vt,S,Supreme Court of Vermont,2016,533,135
vt,S,Supreme Court of Vermont,2017,251,33
vt,S,Supreme Court of Vermont,2018,147,0
vt,S,Supreme Court of Vermont,2019,94,0
vt,S,Supreme Court of Vermont,2020,103,3
vt,S,Supreme Court of Vermont,2021,97,0
vt,S,Supreme Court of Vermont,2022,73,31
vt,S,Supreme Court of Vermont,2023,67,114
vt,S,Supreme Court of Vermont,2024,86,106
vt,S,Supreme Court of Vermont,2025,70,136
vtsuperct,SA,Vermont Superior Court,2000,95,0
vtsuperct,SA,Vermont Superior Court,2001,121,0
vtsuperct,SA,Vermont Superior Court,2002,104,0
vtsuperct,SA,Vermont Superior Court,2003,117,0
vtsuperct,SA,Vermont Superior Court,2004,150,0
vtsuperct,SA,Vermont Superior Court,2005,241,0
vtsuperct,SA,Vermont Superior Court,2006,112,0
vtsuperct,SA,Vermont Superior Court,2007,113,0
vtsuperct,SA,Vermont Superior Court,2008,112,0
vtsuperct,SA,Vermont Superior Court,2009,128,0
vtsuperct,SA,Vermont Superior Court,2010,210,0
vtsuperct,SA,Vermont Superior Court,2011,204,0
vtsuperct,SA,Vermont Superior Court,2012,194,0
vtsuperct,SA,Vermont Superior Court,2013,180,0
vtsuperct,SA,Vermont Superior Court,2014,209,0
vtsuperct,SA,Vermont Superior Court,2015,227,0
vtsuperct,SA,Vermont Superior Court,2016,128,0
vtsuperct,SA,Vermont Superior Court,2017,172,0
vtsuperct,SA,Vermont Superior Court,2018,168,0
vtsuperct,SA,Vermont Superior Court,2019,129,0
vtsuperct,SA,Vermont Superior Court,2020,113,9
vtsuperct,SA,Vermont Superior Court,2021,90,0
vtsuperct,SA,Vermont Superior Court,2022,18,2
vtsuperct,SA,Vermont Superior Court,2023,139,0
vtsuperct,SA,Vermont Superior Court,2024,446,0
vtsuperct,SA,Vermont Superior Court,2025,123,286
wash,S,Washington Supreme Court,1990,120,0
wash,S,Washington Supreme Court,1991,109,0
wash,S,Washington Supreme Court,1992,124,0
wash,S,Washington Supreme Court,1993,124,0
wash,S,Washington Supreme Court,1994,142,0
wash,S,Washington Supreme Court,1995,149,0
wash,S,Washington Supreme Court,1996,221,0
wash,S,Washington Supreme Court,1997,257,0
wash,S,Washington Supreme Court,1998,265,0
wash,S,Washington Supreme Court,1999,230,0
wash,S,Washington Supreme Court,2000,201,0
wash,S,Washington Supreme Court,2001,253,0
wash,S,Washington Supreme Court,2002,240,0
wash,S,Washington Supreme Court,2003,433,0
wash,S,Washington Supreme Court,2004,453,0
wash,S,Washington Supreme Court,2005,505,0
wash,S,Washington Supreme Court,2006,592,0
wash,S,Washington Supreme Court,2007,703,0
wash,S,Washington Supreme Court,2008,1007,0
wash,S,Washington Supreme Court,2009,845,0
wash,S,Washington Supreme Court,2010,893,0
wash,S,Washington Supreme Court,2011,678,0
wash,S,Washington Supreme Court,2012,323,0
wash,S,Washington Supreme Court,2013,217,0
wash,S,Washington Supreme Court,2014,277,0
wash,S,Washington Supreme Court,2015,652,0
wash,S,Washington Supreme Court,2016,921,0
wash,S,Washington Supreme Court,2017,389,0
wash,S,Washington Supreme Court,2018,620,2
wash,S,Washington Supreme Court,2019,489,0
wash,S,Washington Supreme Court,2020,67,0
wash,S,Washington Supreme Court,2021,74,0
wash,S,Washington Supreme Court,2022,72,0
wash,S,Washington Supreme Court,2023,61,0
wash,S,Washington Supreme Court,2024,71,0
wash,S,Washington Supreme Court,2025,63,0
washctapp,SA,Court of Appeals of Washington,1990,1344,0
washctapp,SA,Court of Appeals of Washington,1991,1202,0
washctapp,SA,Court of Appeals of Washington,1992,1504,0
washctapp,SA,Court of Appeals of Washington,1993,1532,0
washctapp,SA,Court of Appeals of Washington,1994,1503,1
washctapp,SA,Court of Appeals of Washington,1995,1553,0
washctapp,SA,Court of Appeals of Washington,1996,1686,0
washctapp,SA,Court of Appeals of Washington,1997,2312,1
washctapp,SA,Court of Appeals of Washington,1998,1487,0
washctapp,SA,Court of Appeals of Washington,1999,2209,1
washctapp,SA,Court of Appeals of Washington,2000,2140,0
washctapp,SA,Court of Appeals of Washington,2001,2316,1
washctapp,SA,Court of Appeals of Washington,2002,2146,2
washctapp,SA,Court of Appeals of Washington,2003,2196,0
washctapp,SA,Court of Appeals of Washington,2004,2203,0
washctapp,SA,Court of Appeals of Washington,2005,2235,0
washctapp,SA,Court of Appeals of Washington,2006,1959,0
washctapp,SA,Court of Appeals of Washington,2007,2204,0
washctapp,SA,Court of Appeals of Washington,2008,2056,0
washctapp,SA,Court of Appeals of Washington,2009,2184,0
washctapp,SA,Court of Appeals of Washington,2010,1862,0
washctapp,SA,Court of Appeals of Washington,2011,1890,1
washctapp,SA,Court of Appeals of Washington,2012,1664,3
washctapp,SA,Court of Appeals of Washington,2013,1889,1099
washctapp,SA,Court of Appeals of Washington,2014,1963,1251
washctapp,SA,Court of Appeals of Washington,2015,1936,1319
washctapp,SA,Court of Appeals of Washington,2016,1623,1264
washctapp,SA,Court of Appeals of Washington,2017,1001,1221
washctapp,SA,Court of Appeals of Washington,2018,272,1173
washctapp,SA,Court of Appeals of Washington,2019,260,1336
washctapp,SA,Court of Appeals of Washington,2020,204,1347
washctapp,SA,Court of Appeals of Washington,2021,233,1183
washctapp,SA,Court of Appeals of Washington,2022,215,1005
washctapp,SA,Court of Appeals of Washington,2023,236,991
washctapp,SA,Court of Appeals of Washington,2024,164,1124
washctapp,SA,Court of Appeals of Washington,2025,114,1178
wis,S,Wisconsin Supreme Court,1990,101,0
wis,S,Wisconsin Supreme Court,1991,136,0
wis,S,Wisconsin Supreme Court,1992,131,0
wis,S,Wisconsin Supreme Court,1993,135,0
wis,S,Wisconsin Supreme Court,1994,130,0
wis,S,Wisconsin Supreme Court,1995,133,0
wis,S,Wisconsin Supreme Court,1996,110,0
wis,S,Wisconsin Supreme Court,1997,113,0
wis,S,Wisconsin Supreme Court,1998,105,0
wis,S,Wisconsin Supreme Court,1999,125,0
wis,S,Wisconsin Supreme Court,2000,117,0
wis,S,Wisconsin Supreme Court,2001,118,0
wis,S,Wisconsin Supreme Court,2002,120,0
wis,S,Wisconsin Supreme Court,2003,153,0
wis,S,Wisconsin Supreme Court,2004,151,0
wis,S,Wisconsin Supreme Court,2005,168,0
wis,S,Wisconsin Supreme Court,2006,528,0
wis,S,Wisconsin Supreme Court,2007,703,0
wis,S,Wisconsin Supreme Court,2008,820,0
wis,S,Wisconsin Supreme Court,2009,771,0
wis,S,Wisconsin Supreme Court,2010,290,0
wis,S,Wisconsin Supreme Court,2011,86,0
wis,S,Wisconsin Supreme Court,2012,121,0
wis,S,Wisconsin Supreme Court,2013,121,0
wis,S,Wisconsin Supreme Court,2014,141,0
wis,S,Wisconsin Supreme Court,2015,129,0
wis,S,Wisconsin Supreme Court,2016,99,0
wis,S,Wisconsin Supreme Court,2017,133,0
wis,S,Wisconsin Supreme Court,2018,774,0
wis,S,Wisconsin Supreme Court,2019,430,0
wis,S,Wisconsin Supreme Court,2020,101,0
wis,S,Wisconsin Supreme Court,2021,92,0
wis,S,Wisconsin Supreme Court,2022,83,0
wis,S,Wisconsin Supreme Court,2023,85,0
wis,S,Wisconsin Supreme Court,2024,34,0
wis,S,Wisconsin Supreme Court,2025,50,0
wisctapp,SA,Court of Appeals of Wisconsin,1990,315,0
wisctapp,SA,Court of Appeals of Wisconsin,1991,303,0
wisctapp,SA,Court of Appeals of Wisconsin,1992,290,0
wisctapp,SA,Court of Appeals of Wisconsin,1993,368,0
wisctapp,SA,Court of Appeals of Wisconsin,1994,345,0
wisctapp,SA,Court of Appeals of Wisconsin,1995,337,0
wisctapp,SA,Court of Appeals of Wisconsin,1996,294,0
wisctapp,SA,Court of Appeals of Wisconsin,1997,281,0
wisctapp,SA,Court of Appeals of Wisconsin,1998,277,0
wisctapp,SA,Court of Appeals of Wisconsin,1999,311,0
wisctapp,SA,Court of Appeals of Wisconsin,2000,261,0
wisctapp,SA,Court of Appeals of Wisconsin,2001,293,0
wisctapp,SA,Court of Appeals of Wisconsin,2002,298,0
wisctapp,SA,Court of Appeals of Wisconsin,2003,341,0
wisctapp,SA,Court of Appeals of Wisconsin,2004,652,0
wisctapp,SA,Court of Appeals of Wisconsin,2005,782,0
wisctapp,SA,Court of Appeals of Wisconsin,2006,893,0
wisctapp,SA,Court of Appeals of Wisconsin,2007,1081,0
wisctapp,SA,Court of Appeals of Wisconsin,2008,929,0
wisctapp,SA,Court of Appeals of Wisconsin,2009,958,0
wisctapp,SA,Court of Appeals of Wisconsin,2010,452,0
wisctapp,SA,Court of Appeals of Wisconsin,2011,144,0
wisctapp,SA,Court of Appeals of Wisconsin,2012,114,0
wisctapp,SA,Court of Appeals of Wisconsin,2013,144,0
wisctapp,SA,Court of Appeals of Wisconsin,2014,114,0
wisctapp,SA,Court of Appeals of Wisconsin,2015,90,0
wisctapp,SA,Court of Appeals of Wisconsin,2016,280,0
wisctapp,SA,Court of Appeals of Wisconsin,2017,733,0
wisctapp,SA,Court of Appeals of Wisconsin,2018,683,0
wisctapp,SA,Court of Appeals of Wisconsin,2019,374,283
wisctapp,SA,Court of Appeals of Wisconsin,2020,58,542
wisctapp,SA,Court of Appeals of Wisconsin,2021,57,570
wisctapp,SA,Court of Appeals of Wisconsin,2022,29,510
wisctapp,SA,Court of Appeals of Wisconsin,2023,32,597
wisctapp,SA,Court of Appeals of Wisconsin,2024,60,522
wisctapp,SA,Court of Appeals of Wisconsin,2025,66,552
wva,S,West Virginia Supreme Court,1990,271,0
wva,S,West Virginia Supreme Court,1991,276,0
wva,S,West Virginia Supreme Court,1992,266,0
wva,S,West Virginia Supreme Court,1993,223,0
wva,S,West Virginia Supreme Court,1994,271,0
wva,S,West Virginia Supreme Court,1995,268,0
wva,S,West Virginia Supreme Court,1996,258,0
wva,S,West Virginia Supreme Court,1997,294,0
wva,S,West Virginia Supreme Court,1998,243,0
wva,S,West Virginia Supreme Court,1999,192,0
wva,S,West Virginia Supreme Court,2000,178,0
wva,S,West Virginia Supreme Court,2001,189,0
wva,S,West Virginia Supreme Court,2002,204,0
wva,S,West Virginia Supreme Court,2003,178,0
wva,S,West Virginia Supreme Court,2004,162,0
wva,S,West Virginia Supreme Court,2005,183,0
wva,S,West Virginia Supreme Court,2006,122,0
wva,S,West Virginia Supreme Court,2007,128,0
wva,S,West Virginia Supreme Court,2008,118,0
wva,S,West Virginia Supreme Court,2009,158,0
wva,S,West Virginia Supreme Court,2010,166,0
wva,S,West Virginia Supreme Court,2011,111,0
wva,S,West Virginia Supreme Court,2012,123,0
wva,S,West Virginia Supreme Court,2013,1331,55
wva,S,West Virginia Supreme Court,2014,1054,65
wva,S,West Virginia Supreme Court,2015,934,64
wva,S,West Virginia Supreme Court,2016,847,48
wva,S,West Virginia Supreme Court,2017,943,48
wva,S,West Virginia Supreme Court,2018,746,28
wva,S,West Virginia Supreme Court,2019,554,31
wva,S,West Virginia Supreme Court,2020,879,51
wva,S,West Virginia Supreme Court,2021,652,52
wva,S,West Virginia Supreme Court,2022,669,68
wva,S,West Virginia Supreme Court,2023,460,50
wva,S,West Virginia Supreme Court,2024,325,31
wva,S,West Virginia Supreme Court,2025,292,49
wvactapp,SA,Intermediate Court of Appeals of West Virginia,2022,26,1
wvactapp,SA,Intermediate Court of Appeals of West Virginia,2023,347,4
wvactapp,SA,Intermediate Court of Appeals of West Virginia,2024,374,6
wvactapp,SA,Intermediate Court of Appeals of West Virginia,2025,329,7
wyo,S,Wyoming Supreme Court,1990,164,0
wyo,S,Wyoming Supreme Court,1991,179,0
wyo,S,Wyoming Supreme Court,1992,195,0
wyo,S,Wyoming Supreme Court,1993,168,0
wyo,S,Wyoming Supreme Court,1994,161,0
wyo,S,Wyoming Supreme Court,1995,221,0
wyo,S,Wyoming Supreme Court,1996,183,0
wyo,S,Wyoming Supreme Court,1997,178,0
wyo,S,Wyoming Supreme Court,1998,175,0
wyo,S,Wyoming Supreme Court,1999,207,0
wyo,S,Wyoming Supreme Court,2000,223,0
wyo,S,Wyoming Supreme Court,2001,146,0
wyo,S,Wyoming Supreme Court,2002,193,0
wyo,S,Wyoming Supreme Court,2003,173,0
wyo,S,Wyoming Supreme Court,2004,180,0
wyo,S,Wyoming Supreme Court,2005,172,0
wyo,S,Wyoming Supreme Court,2006,167,0
wyo,S,Wyoming Supreme Court,2007,217,0
wyo,S,Wyoming Supreme Court,2008,163,0
wyo,S,Wyoming Supreme Court,2009,175,0
wyo,S,Wyoming Supreme Court,2010,190,0
wyo,S,Wyoming Supreme Court,2011,187,0
wyo,S,Wyoming Supreme Court,2012,165,0
wyo,S,Wyoming Supreme Court,2013,189,0
wyo,S,Wyoming Supreme Court,2014,211,0
wyo,S,Wyoming Supreme Court,2015,189,0
wyo,S,Wyoming Supreme Court,2016,145,1
wyo,S,Wyoming Supreme Court,2017,165,1
wyo,S,Wyoming Supreme Court,2018,133,1
wyo,S,Wyoming Supreme Court,2019,121,0
wyo,S,Wyoming Supreme Court,2020,158,0
wyo,S,Wyoming Supreme Court,2021,141,0
wyo,S,Wyoming Supreme Court,2022,170,0
wyo,S,Wyoming Supreme Court,2023,139,0
wyo,S,Wyoming Supreme Court,2024,146,0
wyo,S,Wyoming Supreme Court,2025,142,0
